ID,Type,SKU,Name,Published,"Is featured?","Visibility in catalog","Short description",Description,"Date sale price starts","Date sale price ends","Tax status","Tax class","In stock?",Stock,"Low stock amount","Backorders allowed?","Sold individually?","Weight (kg)","Length (cm)","Width (cm)","Height (cm)","Allow customer reviews?","Purchase note","Sale price","Regular price",Categories,Tags,"Shipping class",Images,"Download limit","Download expiry days",Parent,"Grouped products",Upsells,Cross-sells,"External URL","Button text",Position,"Attribute 1 name","Attribute 1 value(s)","Attribute 1 visible","Attribute 1 global","Meta: mv_id","Meta: _wssvsc_excludeenalls","Meta: gmwsvs_parent","Meta: _last_editor_used_jetpack","Meta: klb_product_badge_type","Meta: _wwsvsc_exclude_product_single","Meta: _wwsvsc_exclude_product_parent","Meta: _klb_single_video_input","Meta: minimum_allowed_quantity","Meta: maximum_allowed_quantity","Meta: group_of_quantity","Meta: allow_combination","Meta: minmax_do_not_count","Meta: minmax_cart_exclude","Meta: minmax_category_group_of_exclude","Meta: bacola_post_views_count","Meta: purchase_price","Meta: _last_mv_stock_update","Meta: gmwsvs_child","Meta: _wssvsc_custom_name","Meta: min_max_rules","Meta: variation_minimum_allowed_quantity","Meta: variation_maximum_allowed_quantity","Meta: variation_group_of_quantity","Meta: variation_minmax_do_not_count","Meta: variation_minmax_cart_exclude","Meta: variation_minmax_category_group_of_exclude","Meta: _mv_qty"
3189,variable,5022568797,"Festive Brown - 400g",1,0,visible,"Festive Brown - 400g","Festive Brown - 400g",,,taxable,,1,,,0,0,,,,,0,,,,"Bread &amp; Cereals",,,https://kapuafrica.com/wp-content/uploads/2022/01/festive-brown.jpg,,,,,,,,,0,Pricing,"Base, Pamoja",1,1,88,,yes,classic-editor,type1,no,no,,,,,no,no,no,no,2,,
3190,variable,3210825758,"Festive Brown - 600g",1,0,hidden,"Festive Brown - 600g","Festive Brown - 600g",,,taxable,,0,,,0,0,,,,,0,,,,"Bread &amp; Cereals",,,https://kapuafrica.com/wp-content/uploads/2021/11/festive-brown-bread.jpeg,,,,,,,,,0,Pricing,"Base, Pamoja",1,1,89,,yes,classic-editor,type1,no,no,,,,,no,no,no,no,4,,
3191,variable,8227628630,"Festive White - 400g",1,0,visible,"Festive White - 400g","Festive White - 400g",,,taxable,,1,,,0,0,,,,,0,,,,"Bread &amp; Cereals",,,https://kapuafrica.com/wp-content/uploads/2022/01/Festive-White-400g.png,,,,,,,,,0,Pricing,"Base, Pamoja",1,1,90,,yes,classic-editor,type1,no,no,,,,,no,no,no,no,11,,
3192,variable,3806867649,"Festive White - 600g",1,0,hidden,"Festive White - 600g","Festive White - 600g",,,taxable,,0,,,0,0,,,,,0,,,,"Bread &amp; Cereals",,,https://kapuafrica.com/wp-content/uploads/2021/11/festive-white-bread.jpeg,,,,,,,,,0,Pricing,"Base, Pamoja",1,1,91,,yes,classic-editor,type1,no,no,,,,,no,no,no,no,3,,
3193,variable,1181100148,"Arimis Milking Jelly - 200g",1,0,visible,"Arimis Milking Jelly - 200g","Arimis Milking Jelly - 200g",,,taxable,,1,,,0,0,,,,,0,,,,Beauty,,,https://kapuafrica.com/wp-content/uploads/2021/11/ArimisMilkingJelly200g_1024x1024.png,,,,,,,,,0,Pricing,"Base, Pamoja",1,1,92,,yes,classic-editor,type1,no,no,,,,,no,no,no,no,12,,
3194,variable,1749308189,"Arimis Milking Jelly - 50g",1,0,visible,"Arimis Milking Jelly - 50g","Arimis Milking Jelly - 50g",,,taxable,,1,,,0,0,,,,,0,,,,Beauty,,,https://kapuafrica.com/wp-content/uploads/2022/01/Arimis-50g.jpg,,,,,,,,,0,Pricing,"Base, Pamoja",1,1,93,,yes,classic-editor,type1,no,no,,,,,no,no,no,no,11,,120
3195,variable,9604696117,"Blue Band Original - 100G",1,0,visible,"Blue Band Original - 100G","Blue Band Original - 100G",,,taxable,,1,,,0,0,,,,,0,,,,"Cooking Ingredient",,,https://kapuafrica.com/wp-content/uploads/2022/01/Blueband-250g.jpg,,,,,,,,,0,Pricing,"Base, Pamoja",1,1,94,,yes,classic-editor,type1,no,no,,,,,no,no,no,no,8,,
3196,variable,9673768233,"Blue Band Original - 250G",1,0,visible,"Blue Band Original - 250G","Blue Band Original - 250G",,,taxable,,1,,,0,0,,,,,0,,,,"Cooking Ingredient",,,https://kapuafrica.com/wp-content/uploads/2022/01/BlueBand-500g.jpg,,,,,,,,,0,Pricing,"Base, Pamoja",1,1,95,,yes,classic-editor,type1,no,no,,,,,no,no,no,no,11,,
3197,variable,86722522,"Blue Band Original - 500G",1,0,visible,"Blue Band Original - 500G","Blue Band Original - 500G",,,taxable,,1,,,0,0,,,,,0,,,,"Cooking Ingredient",,,https://kapuafrica.com/wp-content/uploads/2022/01/BlueBand-500g.jpg,,,,,,,,,0,Pricing,"Base, Pamoja",1,1,96,,yes,classic-editor,type1,no,no,,,,,no,no,no,no,9,,
3198,variable,2966612175,"Chapa Mandashi - 100g",1,0,visible,"Chapa Mandashi - 100g","Chapa Mandashi - 100g",,,taxable,,1,,,0,0,,,,,0,,,,Flours,,,https://kapuafrica.com/wp-content/uploads/2022/01/Chapa-Mandashi.jpeg,,,,,,,,,0,Pricing,"Base, Pamoja",1,1,97,,yes,classic-editor,type1,no,no,,,,,no,no,no,no,44,,
3199,variable,6604733167,"Colgate Herbal - 35G",1,0,visible,"Colgate Herbal - 35G","Colgate Herbal - 35G",,,taxable,,1,,,0,0,,,,,0,,,,Hygiene,,,https://kapuafrica.com/wp-content/uploads/2022/01/Colgate-Herbal-1.jpg,,,,,,,,,0,Pricing,"Base, Pamoja",1,1,98,,yes,classic-editor,type1,no,no,,,,,no,no,no,no,13,,
3200,variable,5368535563,"Fahari Ya Kenya Tea - 100g",1,0,visible,"Fahari Ya Kenya Tea - 100g","Fahari Ya Kenya Tea - 100g",,,taxable,,1,,,0,0,,,,,0,,,,"Tea\, Coffee &amp; Hot Chocolate",,,https://kapuafrica.com/wp-content/uploads/2021/11/FahariYaKenya_a4346ed4-6e01-4db4-86ee-5638a376a8cc_1024x1024.png,,,,,,,,,0,Pricing,"Base, Pamoja",1,1,99,,yes,classic-editor,type1,no,no,,,,,no,no,no,no,17,,
3201,variable,3645210080,"Geisha Milk & Honey Soap - 225G",1,0,visible,"Geisha Milk &amp; Honey Soap - 225G","Geisha Milk &amp; Honey Soap - 225G",,,taxable,,1,,,0,0,,,,,0,,,,Beauty,,,https://kapuafrica.com/wp-content/uploads/2022/01/Geisha-milk-and-honey.jpg,,,,,,,,,0,Pricing,"Base, Pamoja",1,1,100,,yes,classic-editor,type1,no,no,,,,,no,no,no,no,8,,
3202,variable,4885602117,"Indomie Beef - 120g",1,0,visible,"Indomie Beef - 120g","Indomie Beef - 120g",,,taxable,,1,,,0,0,,,,,0,,,,"Pasta &amp; Noodles",,,https://kapuafrica.com/wp-content/uploads/2021/11/Indomie-Beef-Jumbo-Noodle-120g.jpeg,,,,,,,,,0,Pricing,"Base, Pamoja",1,1,101,,yes,classic-editor,type1,no,no,,,,,no,no,no,no,19,,
3203,variable,7646909809,"Indomie Chicken - 120g",1,0,visible,"Indomie Chicken - 120g","Indomie Chicken - 120g",,,taxable,,1,,,0,0,,,,,0,,,,"Pasta &amp; Noodles",,,https://kapuafrica.com/wp-content/uploads/2021/11/Indomie-Chicken-Noodles-120g.jpeg,,,,,,,,,0,Pricing,"Base, Pamoja",1,1,102,,yes,classic-editor,type1,no,no,,,,,no,no,no,no,87,,
3204,variable,6518583240,"Kensalt - 1Kg",1,0,visible,"Kensalt - 1Kg","Kensalt - 1Kg",,,taxable,,1,,,0,0,,,,,0,,,,"Cooking Ingredient",,,https://kapuafrica.com/wp-content/uploads/2021/11/KENSALT-1KG-1.jpeg,,,,,,,,,0,Pricing,"Base, Pamoja",1,1,103,,yes,classic-editor,type1,no,no,,,,,no,no,no,no,29,,
3205,variable,3306580224,"Kensalt - 200G",1,0,visible,"Kensalt - 200G","Kensalt - 200G",,,taxable,,1,,,0,0,,,,,0,,,,"Cooking Ingredient",,,https://kapuafrica.com/wp-content/uploads/2022/01/Kensalt-200g.jpg,,,,,,,,,0,Pricing,"Base, Pamoja",1,1,104,,yes,classic-editor,type1,no,no,,,,,no,no,no,no,16,,
3206,variable,4130357482,"Kensalt - 500G",1,0,visible,"Kensalt - 500G","Kensalt - 500G",,,taxable,,1,,,0,0,,,,,0,,,,"Cooking Ingredient",,,https://kapuafrica.com/wp-content/uploads/2021/11/Kensalt-500g.jpeg,,,,,,,,,0,Pricing,"Base, Pamoja",1,1,105,,yes,classic-editor,type1,no,no,,,,,no,no,no,no,29,,
3207,variable,375340437,"Mchuzi Mix Beef Kora - 10g",1,0,visible,"Mchuzi Mix Beef Kora - 10g","Mchuzi Mix Beef Kora - 10g",,,taxable,,1,,,0,0,,,,,0,,,,"Cooking Ingredient",,,https://kapuafrica.com/wp-content/uploads/2021/11/mchuzi-mix-beef-kora.jpeg,,,,,,,,,0,Pricing,"Base, Pamoja",1,1,106,,yes,classic-editor,type1,no,no,,,,,no,no,no,no,14,,
3208,variable,4103880190,"Ngarisha Steel Wool -15Gms",1,0,visible,"Ngarisha Steel Wool -15Gms","Ngarisha Steel Wool -15Gms",,,taxable,,0,,,0,0,,,,,0,,,,"Cooking Ingredient",,,https://kapuafrica.com/wp-content/uploads/2022/01/Ngarisha-75g.jpeg,,,,,,,,,0,Pricing,"Base, Pamoja",1,1,107,,yes,classic-editor,type1,no,no,,,,,no,no,no,no,8,,
3209,variable,7794987563,"Rhino Ndogo Match Box - 10 S",1,0,visible,"Rhino Ndogo Match Box - 10 S","Rhino Ndogo Match Box - 10 S",,,taxable,,1,,,0,0,,,,,0,,,,"Household Supply",,,https://kapuafrica.com/wp-content/uploads/2022/01/Rhino-Kubwa-Matches.jpeg,,,,,,,,,0,Pricing,"Base, Pamoja",1,1,108,,yes,classic-editor,type1,no,no,,,,,no,no,no,no,8,,
3210,variable,3819626227,"Royco - Bouillon Beef Cube 4g x 3 Pieces",1,0,hidden,"Royco - Bouillon Beef Cube 4g x 3 Pieces","Royco - Bouillon Beef Cube 4g x 3 Pieces",,,taxable,,1,,,0,0,,,,,0,,,,"Cooking Ingredient",,,https://kapuafrica.com/wp-content/uploads/2022/01/Royco-Cube-X-3.jpeg,,,,,,,,,0,Pricing,"Base, Pamoja",1,1,109,,yes,classic-editor,type1,no,no,,,,,no,no,no,no,6,,
3211,variable,9400515460,"Softcare Gold Diaper Maxi L-8",1,0,visible,"Softcare Gold Diaper Maxi L-8","Softcare Gold Diaper Maxi L-8",,,taxable,,1,,,0,0,,,,,0,,,,"Baby, Household Cleaners",,,https://kapuafrica.com/wp-content/uploads/2022/01/Softcare-Diapers-Large.jpeg,,,,,,,,,0,Pricing,"Base, Pamoja",1,1,110,,yes,classic-editor,type1,no,no,,,,,no,no,no,no,57,,120
3212,variable,2685380480,"Softcare Gold Diaper Maxi M-8",1,0,visible,"Softcare Gold Diaper Maxi M-8","Softcare Gold Diaper Maxi M-8",,,taxable,,1,,,0,0,,,,,0,,,,Baby,,,https://kapuafrica.com/wp-content/uploads/2022/01/Softcare-Medium.jpg,,,,,,,,,0,Pricing,"Base, Pamoja",1,1,111,,yes,classic-editor,type1,no,no,,,,,no,no,no,no,16,,
3213,variable,9922661962,"Softcare Gold Diaper Maxi S-8",1,0,visible,"Softcare Gold Diaper Maxi S-8","Softcare Gold Diaper Maxi S-8",,,taxable,,1,,,0,0,,,,,0,,,,Baby,,,https://kapuafrica.com/wp-content/uploads/2022/01/Softcare-Diapers-Small.jpg,,,,,,,,,0,Pricing,"Base, Pamoja",1,1,112,,yes,classic-editor,type1,no,no,,,,,no,no,no,no,24,,
3214,variable,1611173445,"Sunlight Powder Lavender - 40g",1,0,visible,"Sunlight Powder Lavender - 40g","Sunlight Powder Lavender - 40g",,,taxable,,1,,,0,0,,,,,0,,,,"Household Cleaners",,,https://kapuafrica.com/wp-content/uploads/2022/01/sunlight-200g-pink-1.jpg,,,,,,,,,0,Pricing,"Base, Pamoja",1,1,113,,yes,classic-editor,type1,no,no,,,,,no,no,no,no,80,,
3215,variable,2599419737,"Toilex Wrapped Toilet Tissue - 1 Roll",1,0,visible,"Toilex Wrapped Toilet Tissue - 1 Roll","Toilex Wrapped Toilet Tissue - 1 Roll",,,taxable,,1,,,0,0,,,,,0,,,,"Household Cleaners",,,https://kapuafrica.com/wp-content/uploads/2022/01/Toilex-1-roll.jpeg,,,,,,,,,0,Pricing,"Base, Pamoja",1,1,114,,yes,classic-editor,type1,no,no,,,,,no,no,no,no,29,,
3216,variable,7195055335,"Vaseline Pure Jelly - 50g",1,0,visible,"Vaseline Pure Jelly - 50g","Vaseline Pure Jelly - 50g",,,taxable,,1,,,0,0,,,,,0,,,,Beauty,,,https://kapuafrica.com/wp-content/uploads/2022/01/Vaseline-50g.jpg,,,,,,,,,0,Pricing,"Base, Pamoja",1,1,115,,yes,classic-editor,type1,no,no,,,,,no,no,no,no,,,
3217,variable,7718910308,"Weetabix Single Serve - 37G",1,0,visible,"Weetabix Single Serve - 37G","Weetabix Single Serve - 37G",,,taxable,,1,,,0,0,,,,,0,,,,"Bread &amp; Cereals",,,https://kapuafrica.com/wp-content/uploads/2022/01/Weetabix-Single-Serve.jpg,,,,,,,,,0,Pricing,"Base, Pamoja",1,1,116,,yes,classic-editor,type1,no,no,,,,,no,no,no,no,21,,120
3218,variable,838673691,"Ajab Home Baking - 2Kg",1,0,visible,"Ajab Home Baking - 2Kg","Ajab Home Baking - 2Kg",,,taxable,,1,,,0,0,,,,,0,,,,Flours,,,https://kapuafrica.com/wp-content/uploads/2021/11/ajab-home-baking0flour-2kg.jpeg,,,,,,,,,0,Pricing,"Base, Pamoja",1,1,117,,yes,classic-editor,type1,no,no,,,,,no,no,no,no,211,,
3219,variable,8411665263,"Daima Uht - 500Ml",1,0,visible,"Daima Uht - 500Ml","Daima Uht - 500Ml",,,taxable,,1,,,0,0,,,,,0,,,,Milk,,,https://kapuafrica.com/wp-content/uploads/2021/11/daima_uht_fino_500ml.jpeg,,,,,,,,,0,Pricing,"Base, Pamoja",1,1,118,,yes,classic-editor,type1,no,no,,,,,no,no,no,no,69,,
3221,variable,9475886996,"Lato Fino UHT - 500Ml",1,0,visible,"Lato Fino UHT - 500Ml","Lato Fino UHT - 500Ml",,,taxable,,1,,,0,0,,,,,0,,,,Milk,,,https://kapuafrica.com/wp-content/uploads/2022/01/Lato-whole-milk-.jpg,,,,,,,,,0,Pricing,"Base, Pamoja",1,1,120,,yes,classic-editor,type1,no,no,,,,,no,no,no,no,144,,120
3222,variable,6205229719,"Pembe Maize Meal - 2Kg",1,0,visible,"Pembe Maize Meal - 2Kg","Pembe Maize Meal - 2Kg",,,taxable,,1,,,0,0,,,,,0,,,,Flours,,,https://kapuafrica.com/wp-content/uploads/2022/01/Pembe-Maize-Meal-2kg.png,,,,,,,,,0,Pricing,"Base, Pamoja",1,1,121,,yes,classic-editor,type1,no,no,,,,,no,no,no,no,484,,120
3223,variable,1328760238,"Soko Maize Meal - 2Kg",1,0,visible,"Soko Maize Meal - 2Kg","Soko Maize Meal - 2Kg",,,taxable,,1,,,0,0,,,,,0,,,,Flours,,,https://kapuafrica.com/wp-content/uploads/2021/11/soko-maize-meal-2kg.jpeg,,,,,,,,,0,Pricing,"Base, Pamoja",1,1,122,,yes,classic-editor,type1,no,no,,,,,no,no,no,no,136,,
3224,variable,9537030280,"Banana Local Medium - 3 Bananas",1,0,visible,"Banana Local Medium - 3 Bananas","Banana Local Medium - 3 Bananas",,,taxable,,1,,,0,0,,,,,0,,,,Fruits,,,https://kapuafrica.com/wp-content/uploads/2022/01/Bananas-X-3.jpeg,,,,,,,,,0,Pricing,"Base, Pamoja",1,1,123,,yes,classic-editor,type1,no,no,,,,,no,no,no,no,6,,
3225,variable,9067048862,"Carrot - 5 Carrots (400 to 500gr)",1,0,visible,"Carrot - 5 Carrots (400 to 500gr)","Carrot - 5 Carrots (400 to 500gr)",,,taxable,,1,,,0,0,,,,,0,,,,Vegetables,,,https://kapuafrica.com/wp-content/uploads/2022/01/Carrots-X-5.jpg,,,,,,,,,0,Pricing,"Base, Pamoja",1,1,124,,yes,classic-editor,type1,no,no,,,,,no,no,no,no,27,,
3226,variable,5641028820,"Egg - Piece",1,0,hidden,"Egg - Piece","Egg - Piece",,,taxable,,1,,,0,0,,,,,0,,,,Eggs,,,https://kapuafrica.com/wp-content/uploads/2022/01/Egg_1.jpg,,,,,,,,,0,Pricing,"Base, Pamoja",1,1,125,,yes,classic-editor,type1,no,no,,,,,no,no,no,no,2,,
3227,variable,6893689190,"Egg - Tray (30 Pieces)",1,0,visible,"Egg - Tray (30 Pieces)","Egg - Tray (30 Pieces)",,,taxable,,1,,,0,0,,,,,0,,,,Eggs,,,https://kapuafrica.com/wp-content/uploads/2022/01/Egg-Tray.jpg,,,,,,,,,0,Pricing,"Base, Pamoja",1,1,126,,yes,classic-editor,type1,no,no,,,,,no,no,no,no,198,,120
3228,variable,2073264559,"Irish Managu - Bunch (400 to 500gr)",1,0,visible,"Irish Managu - Bunch (400 to 500gr)","Irish Managu - Bunch (400 to 500gr)",,,taxable,,0,,,0,0,,,,,0,,,,Vegetables,,,https://kapuafrica.com/wp-content/uploads/2022/01/Irish-Managu.jpg,,,,,,,,,0,Pricing,"Base, Pamoja",1,1,127,,yes,classic-editor,type1,no,no,,,,,no,no,no,no,6,,
3229,variable,420225599,"Kunde - Bunch (350 to 400 gr)",1,0,visible,"Kunde - Bunch (350 to 400 gr)","Kunde - Bunch (350 to 400 gr)",,,taxable,,0,0,,0,0,,,,,0,,,,Vegetables,,,https://kapuafrica.com/wp-content/uploads/2022/01/Kunde.jpeg,,,,,,,,,0,Pricing,"Base, Pamoja",1,1,128,,yes,classic-editor,type1,no,no,,,,,no,no,no,no,7,,120
3230,variable,944256867,"Onion Red Medium - 1Kg",1,0,visible,"Onion Red Medium - 1Kg","Onion Red Medium - 1Kg",,,taxable,,1,,,0,0,,,,,0,,,,Vegetables,,,https://kapuafrica.com/wp-content/uploads/2022/01/Onions-1KG.jpeg,,,,,,,,,0,Pricing,"Base, Pamoja",1,1,129,,yes,classic-editor,type1,no,no,,,,,no,no,no,no,26,,
3231,variable,7916381000,"Onion Red Small - 1Kg",1,0,visible,"Onion Red Small - 1Kg","Onion Red Small - 1Kg",,,taxable,,1,,,0,0,,,,,0,,,,Vegetables,,,https://kapuafrica.com/wp-content/uploads/2022/01/Onions-1KG.jpeg,,,,,,,,,0,Pricing,"Base, Pamoja",1,1,130,,yes,classic-editor,type1,no,no,,,,,no,no,no,no,32,,120
3232,variable,1237419866,"Onions Red Medium - 3 Pieces",1,0,visible,"Onions Red Medium - 3 Pieces","Onions Red Medium - 3 Pieces",,,taxable,,1,,,0,0,,,,,0,,,,Vegetables,,,https://kapuafrica.com/wp-content/uploads/2022/01/Onions-X-3-pieces.jpeg,,,,,,,,,0,Pricing,"Base, Pamoja",1,1,131,,yes,classic-editor,type1,no,no,,,,,no,no,no,no,160,,
3233,variable,4430535536,"Onions Red Small - 2 Pieces",1,0,visible,"Onions Red Small - 2 Pieces","Onions Red Small - 2 Pieces",,,taxable,,1,,,0,0,,,,,0,,,,Vegetables,,,https://kapuafrica.com/wp-content/uploads/2022/01/Onions-red-X-2-Small.jpeg,,,,,,,,,0,Pricing,"Base, Pamoja",1,1,132,,yes,classic-editor,type1,no,no,,,,,no,no,no,no,8,,
3234,variable,1622299377,"Onions Red Small - 3 Pieces",1,0,visible,"Onions Red Small - 3 Pieces","Onions Red Small - 3 Pieces",,,taxable,,1,,,0,0,,,,,0,,,,Vegetables,,,https://kapuafrica.com/wp-content/uploads/2022/01/Onions-Small-X-3.jpeg,,,,,,,,,0,Pricing,"Base, Pamoja",1,1,133,,yes,classic-editor,type1,no,no,,,,,no,no,no,no,44,,120
3235,variable,4171505109,"Potatoes (Changi) Assorted - 1 KG",1,0,visible,"Potatoes (Changi) Assorted - 1 KG","Potatoes (Changi) Assorted - 1 KG",,,taxable,,1,,,0,0,,,,,0,,,,Vegetables,,,https://kapuafrica.com/wp-content/uploads/2022/01/Potatoes-Changi-1kg.jpeg,,,,,,,,,0,Pricing,"Base, Pamoja",1,1,134,,yes,classic-editor,type1,no,no,,,,,no,no,no,no,57,,120
3236,variable,667552795,"Spinach - Bunch (500 to 600gr)",1,0,visible,"Spinach - Bunch (500 to 600gr)","Spinach - Bunch (500 to 600gr)",,,taxable,,1,,,0,0,,,,,0,,,,Vegetables,,,https://kapuafrica.com/wp-content/uploads/2022/01/Spinach.jpeg,,,,,,,,,0,Pricing,"Base, Pamoja",1,1,135,,yes,classic-editor,type1,no,no,,,,,no,no,no,no,51,,120
3237,variable,9051778069,"Sukuma - Bunch (500 to 600gr)",1,0,visible,"Sukuma - Bunch (500 to 600gr)","Sukuma - Bunch (500 to 600gr)",,,taxable,,1,,,0,0,,,,,0,,,,Vegetables,,,https://kapuafrica.com/wp-content/uploads/2022/01/Sukuma-1.jpg,,,,,,,,,0,Pricing,"Base, Pamoja",1,1,136,,yes,classic-editor,type1,no,no,,,,,no,no,no,no,18,,120
3238,variable,646389757,"Terrere - Bunch (500 to 600gr)",1,0,visible,"Terrere - Bunch (500 to 600gr)","Terrere - Bunch (500 to 600gr)",,,taxable,,0,,,0,0,,,,,0,,,,Vegetables,,,https://kapuafrica.com/wp-content/uploads/2022/01/Terere_Bunch.png,,,,,,,,,0,Pricing,"Base, Pamoja",1,1,137,,yes,classic-editor,type1,no,no,,,,,no,no,no,no,7,,
3239,variable,550486364,"Tomato Medium - 3 Pieces",1,0,visible,"Tomato Medium - 3 Pieces","Tomato Medium - 3 Pieces",,,taxable,,1,,,0,0,,,,,0,,,,Vegetables,,,https://kapuafrica.com/wp-content/uploads/2022/01/3-tomatoes-medium.jpg,,,,,,,,,0,Pricing,"Base, Pamoja",1,1,138,,yes,classic-editor,type1,no,no,,,,,no,no,no,no,55,,120
3240,variable,9217739136,"Pembe Home Baking - 2Kg",1,0,visible,"Pembe Home Baking - 2Kg","Pembe Home Baking - 2Kg",,,taxable,,1,,,0,0,,,,,0,,,,Flours,,,https://kapuafrica.com/wp-content/uploads/2022/01/pembe-ngano-1kg.jpg,,,,,,,,,0,Pricing,"Base, Pamoja",1,1,139,,yes,classic-editor,type1,no,no,,,,,no,no,no,no,258,,120,,,,,,,,,,
3241,variable,5406120279,"Rina Vegetable Oil - 10L",1,0,hidden,"Rina Vegetable Oil - 10L","Rina Vegetable Oil - 10L",,,taxable,,0,,,0,0,,,,,0,,,,Oil,,,https://kapuafrica.com/wp-content/uploads/2022/01/Rina-10L.jpg,,,,,,,,,0,Pricing,"Base, Pamoja",1,1,140,,yes,classic-editor,type1,no,no,,,,,no,no,no,no,63,,120,,,,,,,,,,
3242,variable,7857504030,"Rina Vegetable Oil - 1L",1,0,visible,"Rina Vegetable Oil - 1L","Rina Vegetable Oil - 1L",,,taxable,,1,,,0,0,,,,,0,,,,Oil,,,https://kapuafrica.com/wp-content/uploads/2022/01/Rina-1L.jpg,,,,,,,,,0,Pricing,"Base, Pamoja",1,1,141,,yes,classic-editor,type1,no,no,,,,,no,no,no,no,58,,122,,,,,,,,,,
3244,variation,,"Festive Brown - 400g - Base",1,0,visible,,,,,taxable,,1,4,,0,0,,,,,0,,,54,,,,,,,5022568797,,,,,,1,Pricing,Base,,1,315,,,,,,,,,,,,,,,,,582,yes,,no,,,,no,no,no,
3246,variation,,"Festive Brown - 600g - Base",1,0,hidden,,,,,taxable,,0,,,0,0,,,,,0,,,,,,,,,,3210825758,,,,,,0,Pricing,Base,,1,314,,,,,,,,,,,,,,,,,0,yes,,,,,,,,,
3248,variation,,"Festive White - 400g - Base",1,0,visible,,,,,taxable,,1,4,,0,0,,,,,0,,,54,,,,,,,8227628630,,,,,,1,Pricing,Base,,1,313,,,,,,,,,,,,,,,,,582,yes,,no,,,,no,no,no,
3250,variation,,"Festive White - 600g - Base",1,0,hidden,,,,,taxable,,0,,,0,0,,,,,0,,,,,,,,,,3806867649,,,,,,0,Pricing,Base,,1,312,,,,,,,,,,,,,,,,,0,yes,,,,,,,,,
3252,variation,,"Arimis Milking Jelly - 200g - Base",1,0,visible,,,,,taxable,,1,41,,0,0,,,,,0,,,83,,,,,,,1181100148,,,,,,1,Pricing,Base,,1,311,,,,,,,,,,,,,,,,,582,yes,,no,,,,no,no,no,
3254,variation,,"Arimis Milking Jelly - 50g - Base",1,0,visible,,,,,taxable,,1,234,,0,0,,,,,0,,,27,,,,,,,1749308189,,,,,,1,Pricing,Base,,1,310,,,,,,,,,,,,,,,,,649,yes,,no,,,,no,no,no,
3256,variation,,"Blue Band Original - 100G - Base",1,0,visible,,,,,taxable,,1,88,,0,0,,,,,0,,,56,,,,,,,9604696117,,,,,,1,Pricing,Base,,1,309,,,,,,,,,,,,,,,,,582,yes,,no,,,,no,no,no,
3258,variation,,"Blue Band Original - 250G - Base",1,0,visible,,,,,taxable,,1,54,,0,0,,,,,0,,,110,,,,,,,9673768233,,,,,,1,Pricing,Base,,1,308,,,,,,,,,,,,,,,,,600,yes,,no,,,,no,no,no,
3260,variation,,"Blue Band Original - 500G - Base",1,0,visible,,,,,taxable,,1,46,,0,0,,,,,0,,,205,,,,,,,86722522,,,,,,1,Pricing,Base,,1,307,,,,,,,,,,,,,,,,,582,yes,,no,,,,no,no,no,
3262,variation,,"Chapa Mandashi - 100g - Base",1,0,visible,,,,,taxable,,1,306,,0,0,,,,,0,,,23,,,,,,,2966612175,,,,,,1,Pricing,Base,,1,306,,,,,,,,,,,,,,,,,651,yes,,no,,,,no,no,no,
3264,variation,,"Colgate Herbal - 35G - Base",1,0,visible,,,,,taxable,,1,44,,0,0,,,,,0,,,57,,,,,,,6604733167,,,,,,1,Pricing,Base,,1,305,,,,,,,,,,,,,,,,,582,yes,,no,,,,no,no,no,
3266,variation,,"Fahari Ya Kenya Tea - 100g - Base",1,0,visible,,,,,taxable,,1,86,,0,0,,,,,0,,,44,,,,,,,5368535563,,,,,,1,Pricing,Base,,1,304,,,,,,,,,,,,,,,,,627,yes,,no,,,,no,no,no,
3268,variation,,"Geisha Milk & Honey Soap - 225G - Base",1,0,visible,,,,,taxable,,1,70,,0,0,,,,,0,,,83,,,,,,,3645210080,,,,,,1,Pricing,Base,,1,303,,,,,,,,,,,,,,,,,582,yes,,no,,,,no,no,no,
3270,variation,,"Indomie Beef - 120g - Base",1,0,visible,,,,,taxable,,1,130,,0,0,,,,,0,,,33,,,,,,,4885602117,,,,,,1,Pricing,Base,,1,302,,,,,,,,,,,,,,,,,588,yes,,no,,,,no,no,no,
3272,variation,,"Indomie Chicken - 120g - Base",1,0,visible,,,,,taxable,,1,409,,0,0,,,,,0,,,33,,,,,,,7646909809,,,,,,1,Pricing,Base,,1,301,,,,,,,,,,,,,,,,,645,yes,,no,,,,no,no,no,
3274,variation,,"Kensalt - 1Kg - Base",1,0,visible,,,,,taxable,,1,32,,0,0,,,,,0,,,32,,,,,,,6518583240,,,,,,1,Pricing,Base,,1,300,,,,,,,,,,,,,,,,,650,yes,,no,,,,no,no,no,
3276,variation,,"Kensalt - 200G - Base",1,0,visible,,,,,taxable,,1,156,,0,0,,,,,0,,,8,,,,,,,3306580224,,,,,,1,Pricing,Base,,1,299,,,,,,,,,,,,,,,,,582,yes,,no,,,,no,no,no,
3278,variation,,"Kensalt - 500G - Base",1,0,visible,,,,,taxable,,1,260,,0,0,,,,,0,,,17,,,,,,,4130357482,,,,,,1,Pricing,Base,,1,298,,,,,,,,,,,,,,,,,588,yes,,no,,,,no,no,no,
3280,variation,,"Mchuzi Mix Beef Kora - 10g - Base",1,0,visible,,,,,taxable,,1,430,,0,0,,,,,0,,,5,,,,,,,375340437,,,,,,1,Pricing,Base,,1,297,,,,,,,,,,,,,,,,,645,yes,,no,,,,no,no,no,
3282,variation,,"Ngarisha Steel Wool -15Gms - Base",1,0,visible,,,,,taxable,,0,'-10,,0,0,,,,,0,,,7,,,,,,,4103880190,,,,,,1,Pricing,Base,,1,296,,,,,,,,,,,,,,,,,600,yes,,no,,,,no,no,no,
3284,variation,,"Rhino Ndogo Match Box - 10 S - Base",1,0,visible,,,,,taxable,,1,72,,0,0,,,,,0,,,29,,,,,,,7794987563,,,,,,1,Pricing,Base,,1,295,,,,,,,,,,,,,,,,,590,yes,,no,,,,no,no,no,
3286,variation,,"Royco - Bouillon Beef Cube 4g x 3 Pieces - Base",1,0,hidden,,,,,taxable,,1,2,,0,0,,,,,0,,,100,,,,,,,3819626227,,,,,,1,Pricing,Base,,1,294,,,,,,,,,,,,,,,,0,582,yes,,no,,,,no,no,no,
3288,variation,,"Softcare Gold Diaper Maxi L-8 - Base",1,0,visible,,,,,taxable,,1,16,,0,0,,,,,0,,,125,,,,,,,9400515460,,,,,,1,Pricing,Base,,1,293,,,,,,,,,,,,,,,,,645,yes,,no,,,,no,no,no,
3290,variation,,"Softcare Gold Diaper Maxi M-8 - Base",1,0,visible,,,,,taxable,,1,24,,0,0,,,,,0,,,125,,,,,,,2685380480,,,,,,1,Pricing,Base,,1,292,,,,,,,,,,,,,,,,,588,yes,,no,,,,no,no,no,
3292,variation,,"Softcare Gold Diaper Maxi S-8 - Base",1,0,visible,,,,,taxable,,1,9,,0,0,,,,,0,,,125,,,,,,,9922661962,,,,,,1,Pricing,Base,,1,291,,,,,,,,,,,,,,,,,582,yes,,no,,,,no,no,no,
3294,variation,,"Sunlight Powder Lavender - 40g - Base",1,0,visible,,,,,taxable,,1,654,,0,0,,,,,0,,,9,,,,,,,1611173445,,,,,,1,Pricing,Base,,1,290,,,,,,,,,,,,,,,,,638,yes,,no,,,,no,no,no,
3296,variation,,"Toilex Wrapped Toilet Tissue - 1 Roll - Base",1,0,visible,,,,,taxable,,1,105,,0,0,,,,,0,,,22,,,,,,,2599419737,,,,,,1,Pricing,Base,,1,289,,,,,,,,,,,,,,,,,582,yes,,no,,,,no,no,no,
3298,variation,,"Vaseline Pure Jelly - 50g - Base",1,0,visible,,,,,taxable,,1,392,,0,0,,,,,0,,,57,,,,,,,7195055335,,,,,,1,Pricing,Base,,1,288,,,,,,,,,,,,,,,,,582,yes,,no,,,,no,no,no,
3300,variation,,"Weetabix Single Serve - 37G - Base",1,0,visible,,,,,taxable,,1,259,,0,0,,,,,0,,,24,,,,,,,7718910308,,,,,,1,Pricing,Base,,1,287,,,,,,,,,,,,,,,,,588,yes,,no,,,,no,no,no,
3302,variation,,"Ajab Home Baking - 2Kg - Base",1,0,visible,,,,,taxable,,1,439,,0,0,,,,,0,,,148,,,,,,,838673691,,,,,,1,Pricing,Base,,1,286,,,,,,,,,,,,,,,,,645,yes,,no,,,,no,no,no,
3304,variation,,"Daima Uht - 500Ml - Base",1,0,visible,,,,,taxable,,1,824,,0,0,,,,,0,,,47,,,,,,,8411665263,,,,,,1,Pricing,Base,,1,285,,,,,,,,,,,,,,,,,650,yes,,no,,,,no,no,no,
3308,variation,,"Lato Fino UHT - 500Ml - Base",1,0,visible,,,,,taxable,,1,615,,0,0,,,,,0,,,49,,,,,,,9475886996,,,,,,1,Pricing,Base,,1,284,,,,,,,,,,,,,,,,,627,yes,,no,,,,no,no,no,
3310,variation,,"Pembe Maize Meal - 2Kg - Base",1,0,visible,,,,,taxable,,1,1767,,0,0,,,,,0,,,114,,,,,,,6205229719,,,,,,1,Pricing,Base,,1,283,,,,,,,,,,,,,,,,,645,yes,,no,,,,no,no,no,
3312,variation,,"Soko Maize Meal - 2Kg - Base",1,0,visible,,,,,taxable,,1,174,,0,0,,,,,0,,,117,,,,,,,1328760238,,,,,,1,Pricing,Base,,1,282,,,,,,,,,,,,,,,,,651,yes,,no,,,,no,no,no,
3314,variation,,"Banana Local Medium - 3 Bananas - Base",1,0,visible,,,,,taxable,,1,24,,0,0,,,,,0,,,20,,,,,,,9537030280,,,,,,0,Pricing,Base,,1,281,,,,,,,,,,,,,,,,,582,yes,,,,,,,,,
3316,variation,,"Carrot - 5 Carrots (400 to 500gr) - Base",1,0,visible,,,,,taxable,,1,6,,0,0,,,,,0,,,20,,,,,,,9067048862,,,,,,1,Pricing,Base,,1,280,,,,,,,,,,,,,,,,,635,yes,,no,,,,no,no,no,
3318,variation,,"Egg - Piece - Base",1,0,hidden,,,,,taxable,,1,,,0,0,,,,,0,,,55,,,,,,,5641028820,,,,,,1,Pricing,Base,,1,279,,,,,,,,,,,,,,,,,127,yes,,no,,,,no,no,no,
3320,variation,,"Egg - Tray (30 Pieces) - Base",1,0,visible,,,,,taxable,,1,173,,0,0,,,,,0,,,335,,,,,,,6893689190,,,,,,1,Pricing,Base,,1,278,,,,,,,,,,,,,,,,,642,yes,,no,,,,no,no,no,
3322,variation,,"Irish Managu - Bunch (400 to 500gr) - Base",1,0,visible,,,,,taxable,,0,,,0,0,,,,,0,,,20,,,,,,,2073264559,,,,,,0,Pricing,Base,,1,277,,,,,,,,,,,,,,,,,0,yes,,,,,,,,,
3324,variation,,"Kunde - Bunch (350 to 400 gr) - Base",1,0,visible,,,,,taxable,,0,,,0,0,,,,,0,,,20,,,,,,,420225599,,,,,,0,Pricing,Base,,1,276,,,,,,,,,,,,,,,,,0,yes,,,,,,,,,
3326,variation,,"Onion Red Medium - 1Kg - Base",1,0,visible,,,,,taxable,,1,49,,0,0,,,,,0,,,89,,,,,,,944256867,,,,,,1,Pricing,Base,,1,275,,,,,,,,,,,,,,,,0,618,yes,,no,,,,no,no,no,
3328,variation,,"Onion Red Small - 1Kg - Base",1,0,visible,,,,,taxable,,1,9,,0,0,,,,,0,,,89,,,,,,,7916381000,,,,,,1,Pricing,Base,,1,274,,,,,,,,,,,,,,,,,582,yes,,no,,,,no,no,no,
3330,variation,,"Onions Red Medium - 3 Pieces - Base",1,0,visible,,,,,taxable,,1,253,,0,0,,,,,0,,,20,,,,,,,1237419866,,,,,,1,Pricing,Base,,1,273,,,,,,,,,,,,,,,,,645,yes,,no,,,,no,no,no,
3332,variation,,"Onions Red Small - 2 Pieces - Base",1,0,visible,,,,,taxable,,1,56,,0,0,,,,,0,,,10,,,,,,,4430535536,,,,,,1,Pricing,Base,,1,272,,,,,,,,,,,,,,,,,582,yes,,no,,,,no,no,no,
3334,variation,,"Onions Red Small - 3 Pieces - Base",1,0,visible,,,,,taxable,,1,50,,0,0,,,,,0,,,15,,,,,,,1622299377,,,,,,1,Pricing,Base,,1,271,,,,,,,,,,,,,,,,,616,yes,,no,,,,no,no,no,
3336,variation,,"Potatoes (Changi) Assorted - 1 KG - Base",1,0,visible,,,,,taxable,,1,100,,0,0,,,,,0,,,39,,,,,,,4171505109,,,,,,1,Pricing,Base,,1,270,,,,,,,,,,,,,,,,0,609,yes,,no,,,,no,no,no,
3338,variation,,"Spinach - Bunch (500 to 600gr) - Base",1,0,visible,,,,,taxable,,1,40,,0,0,,,,,0,,,20,,,,,,,667552795,,,,,,1,Pricing,Base,,1,269,,,,,,,,,,,,,,,,,635,yes,,no,,,,no,no,no,
3340,variation,,"Sukuma - Bunch (500 to 600gr) - Base",1,0,visible,,,,,taxable,,1,50,,0,0,,,,,0,,,20,,,,,,,9051778069,,,,,,1,Pricing,Base,,1,268,,,,,,,,,,,,,,,,0,606,yes,,no,,,,no,no,no,
3342,variation,,"Terrere - Bunch (500 to 600gr) - Base",1,0,visible,,,,,taxable,,0,,,0,0,,,,,0,,,20,,,,,,,646389757,,,,,,0,Pricing,Base,,1,267,,,,,,,,,,,,,,,,,0,yes,,,,,,,,,
3344,variation,,"Tomato Medium - 3 Pieces - Base",1,0,visible,,,,,taxable,,1,39,,0,0,,,,,0,,,20,,,,,,,550486364,,,,,,1,Pricing,Base,,1,266,,,,,,,,,,,,,,,,0,646,yes,,no,,,,no,no,no,
3346,variation,,"Pembe Home Baking - 2Kg - Base",1,0,visible,,,,,taxable,,1,866,,0,0,,,,,0,,,144,,,,,,,9217739136,,,,,,1,Pricing,Base,,1,206,,,,,,,,,,,,,,,,0,649,yes,,no,,,,no,no,no,
3348,variation,,"Rina Vegetable Oil - 10L - Base",1,0,hidden,,,,,taxable,,0,0,,0,0,,,,,0,,,,,,,,,,5406120279,,,,,,0,Pricing,Base,,1,265,,,,,,,,,,,,,,,,,577,yes,,,,,,,,,
3350,variation,,"Rina Vegetable Oil - 1L - Base",1,0,visible,,,,,taxable,,1,19,,0,0,,,,,0,,,299,,,,,,,7857504030,,,,,,1,Pricing,Base,,1,264,,,,,,,,,,,,,,,,,582,yes,,no,,,,no,no,no,
3352,variation,,"Festive Brown - 400g - Pamoja",1,0,visible,,,,,taxable,,1,3,,0,0,,,,,0,,,52,,,,,,,5022568797,,,,,,2,Pricing,Pamoja,,1,315,,,,,,,,,,,,,,,,,582,yes,,no,,,,no,no,no,
3354,variation,,"Festive Brown - 600g - Pamoja",1,0,hidden,,,,,taxable,,0,,,0,0,,,,,0,,,,,,,,,,3210825758,,,,,,0,Pricing,Pamoja,,1,314,,,,,,,,,,,,,,,,,,yes,,,,,,,,,
3356,variation,,"Festive White - 400g - Pamoja",1,0,visible,,,,,taxable,,0,0,,0,0,,,,,0,,,48,,,,,,,8227628630,,,,,,2,Pricing,Pamoja,,1,313,,,,,,,,,,,,,,,,,582,yes,,no,,,,no,no,no,
3358,variation,,"Festive White - 600g - Pamoja",1,0,hidden,,,,,taxable,,0,,,0,0,,,,,0,,,,,,,,,,3806867649,,,,,,0,Pricing,Pamoja,,1,312,,,,,,,,,,,,,,,,,,yes,,,,,,,,,
3360,variation,,"Arimis Milking Jelly - 200g - Pamoja",1,0,visible,,,,,taxable,,1,38,,0,0,,,,,0,,,80,,,,,,,1181100148,,,,,,2,Pricing,Pamoja,,1,311,,,,,,,,,,,,,,,,,582,yes,,no,,,,no,no,no,
3362,variation,,"Arimis Milking Jelly - 50g - Pamoja",1,0,visible,,,,,taxable,,1,232,,0,0,,,,,0,,,26,,,,,,,1749308189,,,,,,2,Pricing,Pamoja,,1,310,,,,,,,,,,,,,,,,,649,yes,,no,,,,no,no,no,
3364,variation,,"Blue Band Original - 100G - Pamoja",1,0,visible,,,,,taxable,,1,88,,0,0,,,,,0,,,50,,,,,,,9604696117,,,,,,2,Pricing,Pamoja,,1,309,,,,,,,,,,,,,,,,,582,yes,,no,,,,no,no,no,
3366,variation,,"Blue Band Original - 250G - Pamoja",1,0,visible,,,,,taxable,,1,54,,0,0,,,,,0,,,105,,,,,,,9673768233,,,,,,2,Pricing,Pamoja,,1,308,,,,,,,,,,,,,,,,,600,yes,,no,,,,no,no,no,
3368,variation,,"Blue Band Original - 500G - Pamoja",1,0,visible,,,,,taxable,,1,46,,0,0,,,,,0,,,200,,,,,,,86722522,,,,,,2,Pricing,Pamoja,,1,307,,,,,,,,,,,,,,,,,582,yes,,no,,,,no,no,no,
3370,variation,,"Chapa Mandashi - 100g - Pamoja",1,0,visible,,,,,taxable,,1,261,,0,0,,,,,0,,,22,,,,,,,2966612175,,,,,,2,Pricing,Pamoja,,1,306,,,,,,,,,,,,,,,,,651,yes,,no,,,,no,no,no,
3372,variation,,"Colgate Herbal - 35G - Pamoja",1,0,visible,,,,,taxable,,1,41,,0,0,,,,,0,,,54,,,,,,,6604733167,,,,,,2,Pricing,Pamoja,,1,305,,,,,,,,,,,,,,,,,582,yes,,no,,,,no,no,no,
3374,variation,,"Fahari Ya Kenya Tea - 100g - Pamoja",1,0,visible,,,,,taxable,,1,83,,0,0,,,,,0,,,42,,,,,,,5368535563,,,,,,2,Pricing,Pamoja,,1,304,,,,,,,,,,,,,,,,,627,yes,,no,,,,no,no,no,
3376,variation,,"Geisha Milk & Honey Soap - 225G - Pamoja",1,0,visible,,,,,taxable,,1,69,,0,0,,,,,0,,,80,,,,,,,3645210080,,,,,,2,Pricing,Pamoja,,1,303,,,,,,,,,,,,,,,,,582,yes,,no,,,,no,no,no,
3378,variation,,"Indomie Beef - 120g - Pamoja",1,0,visible,,,,,taxable,,1,108,,0,0,,,,,0,,,31,,,,,,,4885602117,,,,,,2,Pricing,Pamoja,,1,302,,,,,,,,,,,,,,,,,588,yes,,no,,,,no,no,no,
3380,variation,,"Indomie Chicken - 120g - Pamoja",1,0,visible,,,,,taxable,,1,325,,0,0,,,,,0,,,31,,,,,,,7646909809,,,,,,2,Pricing,Pamoja,,1,301,,,,,,,,,,,,,,,,,645,yes,,no,,,,no,no,no,
3382,variation,,"Kensalt - 1Kg - Pamoja",1,0,visible,,,,,taxable,,1,29,,0,0,,,,,0,,,31,,,,,,,6518583240,,,,,,2,Pricing,Pamoja,,1,300,,,,,,,,,,,,,,,,,650,yes,,no,,,,no,no,no,
3384,variation,,"Kensalt - 200G - Pamoja",1,0,visible,,,,,taxable,,1,156,,0,0,,,,,0,,,7,,,,,,,3306580224,,,,,,2,Pricing,Pamoja,,1,299,,,,,,,,,,,,,,,,,582,yes,,no,,,,no,no,no,
3386,variation,,"Kensalt - 500G - Pamoja",1,0,visible,,,,,taxable,,1,250,,0,0,,,,,0,,,16,,,,,,,4130357482,,,,,,2,Pricing,Pamoja,,1,298,,,,,,,,,,,,,,,,,588,yes,,no,,,,no,no,no,
3388,variation,,"Mchuzi Mix Beef Kora - 10g - Pamoja",1,0,visible,,,,,taxable,,1,404,,0,0,,,,,0,,,4,,,,,,,375340437,,,,,,2,Pricing,Pamoja,,1,297,,,,,,,,,,,,,,,,,645,yes,,no,,,,no,no,no,
3390,variation,,"Ngarisha Steel Wool -15Gms - Pamoja",1,0,visible,,,,,taxable,,0,'-10,,0,0,,,,,0,,,5,,,,,,,4103880190,,,,,,2,Pricing,Pamoja,,1,296,,,,,,,,,,,,,,,,,600,yes,,no,,,,no,no,no,
3392,variation,,"Rhino Ndogo Match Box - 10 S - Pamoja",1,0,visible,,,,,taxable,,1,71,,0,0,,,,,0,,,25,,,,,,,7794987563,,,,,,2,Pricing,Pamoja,,1,295,,,,,,,,,,,,,,,,,590,yes,,no,,,,no,no,no,
3394,variation,,"Royco - Bouillon Beef Cube 4g x 3 Pieces - Pamoja",1,0,hidden,,,,,taxable,,1,2,,0,0,,,,,0,,,99,,,,,,,3819626227,,,,,,2,Pricing,Pamoja,,1,294,,,,,,,,,,,,,,,,0,582,yes,,no,,,,no,no,no,
3396,variation,,"Softcare Gold Diaper Maxi L-8 - Pamoja",1,0,visible,,,,,taxable,,1,8,,0,0,,,,,0,,,115,,,,,,,9400515460,,,,,,2,Pricing,Pamoja,,1,293,,,,,,,,,,,,,,,,,645,yes,,no,,,,no,no,no,
3398,variation,,"Softcare Gold Diaper Maxi M-8 - Pamoja",1,0,visible,,,,,taxable,,1,24,,0,0,,,,,0,,,115,,,,,,,2685380480,,,,,,2,Pricing,Pamoja,,1,292,,,,,,,,,,,,,,,,,588,yes,,no,,,,no,no,no,
3400,variation,,"Softcare Gold Diaper Maxi S-8 - Pamoja",1,0,visible,,,,,taxable,,1,7,,0,0,,,,,0,,,115,,,,,,,9922661962,,,,,,2,Pricing,Pamoja,,1,291,,,,,,,,,,,,,,,,,582,yes,,no,,,,no,no,no,
3402,variation,,"Sunlight Powder Lavender - 40g - Pamoja",1,0,visible,,,,,taxable,,1,630,,0,0,,,,,0,,,8,,,,,,,1611173445,,,,,,2,Pricing,Pamoja,,1,290,,,,,,,,,,,,,,,,,638,yes,,no,,,,no,no,no,
3404,variation,,"Toilex Wrapped Toilet Tissue - 1 Roll - Pamoja",1,0,visible,,,,,taxable,,1,101,,0,0,,,,,0,,,21,,,,,,,2599419737,,,,,,2,Pricing,Pamoja,,1,289,,,,,,,,,,,,,,,,,582,yes,,no,,,,no,no,no,
3406,variation,,"Vaseline Pure Jelly - 50g - Pamoja",1,0,visible,,,,,taxable,,1,392,,0,0,,,,,0,,,52,,,,,,,7195055335,,,,,,2,Pricing,Pamoja,,1,288,,,,,,,,,,,,,,,,,582,yes,,no,,,,no,no,no,
3408,variation,,"Weetabix Single Serve - 37G - Pamoja",1,0,visible,,,,,taxable,,1,207,,0,0,,,,,0,,,20,,,,,,,7718910308,,,,,,2,Pricing,Pamoja,,1,287,,,,,,,,,,,,,,,,,588,yes,,no,,,,no,no,no,
3410,variation,,"Ajab Home Baking - 2Kg - Pamoja",1,0,visible,,,,,taxable,,1,389,,0,0,,,,,0,,,147,,,,,,,838673691,,,,,,2,Pricing,Pamoja,,1,286,,,,,,,,,,,,,,,,,645,yes,,no,,,,no,no,no,
3412,variation,,"Daima Uht - 500Ml - Pamoja",1,0,visible,,,,,taxable,,1,745,,0,0,,,,,0,,,46,,,,,,,8411665263,,,,,,2,Pricing,Pamoja,,1,285,,,,,,,,,,,,,,,,,650,yes,,no,,,,no,no,no,
3416,variation,,"Lato Fino UHT - 500Ml - Pamoja",1,0,visible,,,,,taxable,,1,552,,0,0,,,,,0,,,48,,,,,,,9475886996,,,,,,2,Pricing,Pamoja,,1,284,,,,,,,,,,,,,,,,,627,yes,,no,,,,no,no,no,
3418,variation,,"Pembe Maize Meal - 2Kg - Pamoja",1,0,visible,,,,,taxable,,1,1412,,0,0,,,,,0,,,113,,,,,,,6205229719,,,,,,2,Pricing,Pamoja,,1,283,,,,,,,,,,,,,,,,,645,yes,,no,,,,no,no,no,
3420,variation,,"Soko Maize Meal - 2Kg - Pamoja",1,0,visible,,,,,taxable,,1,147,,0,0,,,,,0,,,116,,,,,,,1328760238,,,,,,2,Pricing,Pamoja,,1,282,,,,,,,,,,,,,,,,,651,yes,,no,,,,no,no,no,
3422,variation,,"Banana Local Medium - 3 Bananas - Pamoja",1,0,visible,,,,,taxable,,1,7,,0,0,,,,,0,,,18,,,,,,,9537030280,,,,,,0,Pricing,Pamoja,,1,281,,,,,,,,,,,,,,,,,582,yes,,,,,,,,,
3424,variation,,"Carrot - 5 Carrots (400 to 500gr) - Pamoja",1,0,visible,,,,,taxable,,0,0,,0,0,,,,,0,,,18,,,,,,,9067048862,,,,,,2,Pricing,Pamoja,,1,280,,,,,,,,,,,,,,,,,635,yes,,no,,,,no,no,no,
3426,variation,,"Egg - Piece - Pamoja",1,0,hidden,,,,,taxable,,1,,,0,0,,,,,0,,,50,,,,,,,5641028820,,,,,,2,Pricing,Pamoja,,1,279,,,,,,,,,,,,,,,,,,yes,,no,,,,no,no,no,
3428,variation,,"Egg - Tray (30 Pieces) - Pamoja",1,0,visible,,,,,taxable,,1,17,,0,0,,,,,0,,,330,,,,,,,6893689190,,,,,,2,Pricing,Pamoja,,1,278,,,,,,,,,,,,,,,,,642,yes,,no,,,,no,no,no,
3430,variation,,"Irish Managu - Bunch (400 to 500gr) - Pamoja",1,0,visible,,,,,taxable,,0,,,0,0,,,,,0,,,18,,,,,,,2073264559,,,,,,0,Pricing,Pamoja,,1,277,,,,,,,,,,,,,,,,,,yes,,,,,,,,,
3432,variation,,"Kunde - Bunch (350 to 400 gr) - Pamoja",1,0,visible,,,,,taxable,,0,,,0,0,,,,,0,,,18,,,,,,,420225599,,,,,,0,Pricing,Pamoja,,1,276,,,,,,,,,,,,,,,,,,yes,,,,,,,,,
3434,variation,,"Onion Red Medium - 1Kg - Pamoja",1,0,visible,,,,,taxable,,1,47,,0,0,,,,,0,,,79,,,,,,,944256867,,,,,,2,Pricing,Pamoja,,1,275,,,,,,,,,,,,,,,,0,618,yes,,no,,,,no,no,no,
3436,variation,,"Onion Red Small - 1Kg - Pamoja",1,0,visible,,,,,taxable,,1,5,,0,0,,,,,0,,,79,,,,,,,7916381000,,,,,,2,Pricing,Pamoja,,1,274,,,,,,,,,,,,,,,,,582,yes,,no,,,,no,no,no,
3438,variation,,"Onions Red Medium - 3 Pieces - Pamoja",1,0,visible,,,,,taxable,,1,80,,0,0,,,,,0,,,15,,,,,,,1237419866,,,,,,2,Pricing,Pamoja,,1,273,,,,,,,,,,,,,,,,,645,yes,,no,,,,no,no,no,
3440,variation,,"Onions Red Small - 2 Pieces - Pamoja",1,0,visible,,,,,taxable,,1,55,,0,0,,,,,0,,,9,,,,,,,4430535536,,,,,,2,Pricing,Pamoja,,1,272,,,,,,,,,,,,,,,,,582,yes,,no,,,,no,no,no,
3442,variation,,"Onions Red Small - 3 Pieces - Pamoja",1,0,visible,,,,,taxable,,1,49,,0,0,,,,,0,,,14,,,,,,,1622299377,,,,,,2,Pricing,Pamoja,,1,271,,,,,,,,,,,,,,,,,616,yes,,no,,,,no,no,no,
3444,variation,,"Potatoes (Changi) Assorted - 1 KG - Pamoja",1,0,visible,,,,,taxable,,1,72,,0,0,,,,,0,,,35,,,,,,,4171505109,,,,,,2,Pricing,Pamoja,,1,270,,,,,,,,,,,,,,,,0,609,yes,,no,,,,no,no,no,
3446,variation,,"Spinach - Bunch (500 to 600gr) - Pamoja",1,0,visible,,,,,taxable,,1,18,,0,0,,,,,0,,,15,,,,,,,667552795,,,,,,2,Pricing,Pamoja,,1,269,,,,,,,,,,,,,,,,,635,yes,,no,,,,no,no,no,
3448,variation,,"Sukuma - Bunch (500 to 600gr) - Pamoja",1,0,visible,,,,,taxable,,1,47,,0,0,,,,,0,,,18,,,,,,,9051778069,,,,,,2,Pricing,Pamoja,,1,268,,,,,,,,,,,,,,,,0,606,yes,,no,,,,no,no,no,
3450,variation,,"Terrere - Bunch (500 to 600gr) - Pamoja",1,0,visible,,,,,taxable,,0,,,0,0,,,,,0,,,18,,,,,,,646389757,,,,,,0,Pricing,Pamoja,,1,267,,,,,,,,,,,,,,,,,,yes,,,,,,,,,
3452,variation,,"Tomato Medium - 3 Pieces - Pamoja",1,0,visible,,,,,taxable,,1,23,,0,0,,,,,0,,,15,,,,,,,550486364,,,,,,2,Pricing,Pamoja,,1,266,,,,,,,,,,,,,,,,0,646,yes,,no,,,,no,no,no,
3454,variation,,"Pembe Home Baking - 2Kg - Pamoja",1,0,visible,,,,,taxable,,1,700,,0,0,,,,,0,,,143,,,,,,,9217739136,,,,,,2,Pricing,Pamoja,,1,206,,,,,,,,,,,,,,,,,649,yes,,no,,,,no,no,no,
3456,variation,,"Rina Vegetable Oil - 10L - Pamoja",1,0,hidden,,,,,taxable,,0,0,,0,0,,,,,0,,,,,,,,,,5406120279,,,,,,0,Pricing,Pamoja,,1,265,,,,,,,,,,,,,,,,,577,yes,,,,,,,,,
3458,variation,,"Rina Vegetable Oil - 1L - Pamoja",1,0,visible,,,,,taxable,,1,18,,0,0,,,,,0,,,295,,,,,,,7857504030,,,,,,2,Pricing,Pamoja,,1,264,,,,,,,,,,,,,,,,,582,yes,,no,,,,no,no,no,
3736,variable,6836363084,"Ufuta Cooking Oil - 1L",1,0,visible,"Ufuta Cooking Oil - 1L","Ufuta Cooking Oil - 1L",,,taxable,,1,,,0,0,,,,,0,,,,Oil,,,https://kapuafrica.com/wp-content/uploads/2022/01/Ufuta-1l.jpg,,,,,,,,,0,Pricing,"Base, Pamoja",1,1,143,,yes,classic-editor,type1,no,no,,,,,no,no,no,no,21,,,,,,,,,,,,
3737,variable,2299386976,"Ufuta Vegetable Cooking Oil - 500ml",1,0,visible,"Ufuta Vegetable Cooking Oil - 500ml","Ufuta Vegetable Cooking Oil - 500ml",,,taxable,,1,,,0,0,,,,,0,,,,Oil,,,https://kapuafrica.com/wp-content/uploads/2021/11/ufuta-500ml.jpeg,,,,,,,,,0,Pricing,"Base, Pamoja",1,1,144,,yes,classic-editor,type1,no,no,,,,,no,no,no,no,5,,,,,,,,,,,,
3738,variable,8946330124,"Ufuta Vegetable Cooking Oil - 5L",1,0,visible,"Ufuta Vegetable Cooking Oil - 5L","Ufuta Vegetable Cooking Oil - 5L",,,taxable,,1,,,0,0,,,,,0,,,,Oil,,,https://kapuafrica.com/wp-content/uploads/2022/01/Ufuta-5l.jpg,,,,,,,,,0,Pricing,"Base, Pamoja",1,1,145,,yes,classic-editor,type1,no,no,,,,,no,no,no,no,24,,120,,,,,,,,,,
3739,variable,2198730129,"Geisha Milk &amp; Honey Soap - 225G",1,0,hidden,"Geisha Milk &amp; Honey Soap - 225G","Geisha Milk &amp; Honey Soap - 225G",,,taxable,,0,,,0,0,,,,,0,,,,Beauty,,,https://kapuafrica.com/wp-content/uploads/2022/01/Geisha-milk-and-honey.jpg,,,,,,,,,0,Pricing,"Base, Pamoja",1,1,146,,yes,classic-editor,type1,no,no,,,,,no,no,no,no,9,,,,,,,,,,,,
3740,variable,6387436123,"Msafi Cream Bar Soap 1Kg",1,0,visible,"Msafi Cream Bar Soap 1Kg","Msafi Cream Bar Soap 1Kg",,,taxable,,0,,,0,0,,,,,0,,,,"Household Cleaners",,,https://kapuafrica.com/wp-content/uploads/2022/01/Msafi-1kg.jpeg,,,,,,,,,0,Pricing,"Base, Pamoja",1,1,147,,yes,classic-editor,type1,no,no,,,,,no,no,no,no,39,,,,,,,,,,,,
3741,variable,2823663385,"Ranee Spaghetti - 400G",1,0,visible,"Ranee Spaghetti - 400G","Ranee Spaghetti - 400G",,,taxable,,1,,,0,0,,,,,0,,,,"Pasta &amp; Noodles",,,https://kapuafrica.com/wp-content/uploads/2022/01/Ranee-Green-Spagetti.jpeg,,,,,,,,,0,Pricing,"Base, Pamoja",1,1,148,,yes,classic-editor,type1,no,no,,,,,no,no,no,no,12,,123,,,,,,,,,,
3742,variable,687645793,"Sokoni Steel Wool Sachet - 15g",1,0,visible,"Sokoni Steel Wool Sachet - 15g","Sokoni Steel Wool Sachet - 15g",,,taxable,,1,,,0,0,,,,,0,,,,"Household Cleaners",,,https://kapuafrica.com/wp-content/uploads/2022/01/Sokoni-Steel-Wool.jpeg,,,,,,,,,0,Pricing,"Base, Pamoja",1,1,149,,yes,classic-editor,type1,no,no,,,,,no,no,no,no,87,,,,,,,,,,,,
3743,variable,7412747853,"Sunlight Tablet Yellow - 50g",1,0,visible,"Sunlight Tablet Yellow - 50g","Sunlight Tablet Yellow - 50g",,,taxable,,1,,,0,0,,,,,0,,,,"Household Cleaners",,,https://kapuafrica.com/wp-content/uploads/2022/01/Sunlight-Yellow-50g.jpg,,,,,,,,,0,Pricing,"Base, Pamoja",1,1,150,,yes,classic-editor,type1,no,no,,,,,no,no,no,no,20,,,,,,,,,,,,
3744,variable,3101560275,"Kabras Sugar - 1Kg",1,0,visible,"Kabras Sugar - 1Kg","Kabras Sugar - 1Kg",,,taxable,,1,,,0,0,,,,,0,,,,Sugar,,,https://kapuafrica.com/wp-content/uploads/2022/01/Kabras-1kg.png,,,,,,,,,0,Pricing,"Base, Pamoja",1,1,151,,yes,classic-editor,type1,no,no,,,,,no,no,no,no,220,,123,,,,,,,,,,
3745,variable,6337594797,"Rina Vegetable Oil - 500ml",1,0,visible,"Rina Vegetable Oil - 500ml","Rina Vegetable Oil - 500ml",,,taxable,,1,,,0,0,,,,,0,,,,Oil,,,https://kapuafrica.com/wp-content/uploads/2022/01/Rina-500ml.jpg,,,,,,,,,0,Pricing,"Base, Pamoja",1,1,152,,yes,classic-editor,type1,no,no,,,,,no,no,no,no,8,,120,,,,,,,,,,
3746,variable,4617557768,"Vaseline Pure Jelly - 100g",1,0,visible,"Vaseline Pure Jelly - 100g","Vaseline Pure Jelly - 100g",,,taxable,,1,,,0,0,,,,,0,,,,Beauty,,,https://kapuafrica.com/wp-content/uploads/2022/01/Vaseline-100g.jpg,,,,,,,,,0,Pricing,"Base, Pamoja",1,1,153,,yes,classic-editor,type1,no,no,,,,,no,no,no,no,12,,,,,,,,,,,,
3747,variable,8307631048,"Royco Bouillon Beef Cube - 4g*40 pieces",1,0,visible,"Royco Bouillon Beef Cube - 4g*40 pieces","Royco Bouillon Beef Cube - 4g*40 pieces",,,taxable,,1,,,0,0,,,,,0,,,,"Cooking Ingredient",,,https://kapuafrica.com/wp-content/uploads/2022/01/Royco-Beef-X-40.jpeg,,,,,,,,,0,Pricing,"Base, Pamoja",1,1,154,,yes,classic-editor,type1,no,no,,,,,no,no,no,no,40,,120,,,,,,,,,,
3748,variable,1769981495,"Geisha Rose & Honey Soap - 225G",1,0,visible,"Geisha Rose &amp; Honey Soap - 225G","Geisha Rose &amp; Honey Soap - 225G",,,taxable,,1,,,0,0,,,,,0,,,,Beauty,,,https://kapuafrica.com/wp-content/uploads/2022/01/Geisha-Rose-Honey-Soap.jpeg,,,,,,,,,0,Pricing,"Base, Pamoja",1,1,155,,yes,classic-editor,type1,no,no,,,,,no,no,no,no,8,,120,,,,,,,,,,
3749,variable,552666428,"Indomie- Beef 70g",1,0,hidden,"Indomie- Beef 70g","Indomie- Beef 70g",,,taxable,,0,,,0,0,,,,,0,,,,"Pasta &amp; Noodles",,,https://kapuafrica.com/wp-content/uploads/2022/01/indomie-instant-noodles-beef-flavour-70g..jpeg,,,,,,,,,0,Pricing,"Base, Pamoja",1,1,156,,yes,classic-editor,type1,no,no,,,,,no,no,no,no,7,,,,,,,,,,,,
3750,variable,4959713278,"Pembe Ata Mark 1 - 2Kg",1,0,visible,"Pembe Ata Mark 1 - 2Kg","Pembe Ata Mark 1 - 2Kg",,,taxable,,1,,,0,0,,,,,0,,,,Flours,,,https://kapuafrica.com/wp-content/uploads/2022/01/Pembe-Atta-2kg.jpg,,,,,,,,,0,Pricing,"Base, Pamoja",1,1,157,,yes,classic-editor,type1,no,no,,,,,no,no,no,no,66,,120,,,,,,,,,,
3751,variation,,"Ufuta Cooking Oil - 1L - Base",1,0,visible,,,,,taxable,,1,5,,0,0,,,,,0,,,282,,,,,,,6836363084,,,,,,1,Pricing,Base,,1,263,,,,,,,,,,,,,,,,,582,yes,,no,,,,no,no,no,
3752,variation,,"Ufuta Vegetable Cooking Oil - 500ml - Base",1,0,visible,,,,,taxable,,1,19,,0,0,,,,,0,,,162,,,,,,,2299386976,,,,,,0,Pricing,Base,,1,262,,,,,,,,,,,,,,,,,582,yes,,,,,,,,,
3753,variation,,"Ufuta Vegetable Cooking Oil - 5L - Base",1,0,visible,,,,,taxable,,1,21,,0,0,,,,,0,,,1220,,,,,,,8946330124,,,,,,1,Pricing,Base,,1,261,,,,,,,,,,,,,,,,,633,yes,,no,,,,no,no,no,
3754,variation,,"Geisha Milk &amp; Honey Soap - 225G - Base",1,0,hidden,,,,,taxable,,0,,,0,0,,,,,0,,,,,,,,,,2198730129,,,,,,0,Pricing,Base,,1,260,,,,,,,,,,,,,,,,,0,yes,,,,,,,,,
3755,variation,,"Msafi Cream Bar Soap 1Kg - Base",1,0,visible,,,,,taxable,,0,,,0,0,,,,,0,,,139,,,,,,,6387436123,,,,,,0,Pricing,Base,,1,259,,,,,,,,,,,,,,,,,0,yes,,,,,,,,,
3756,variation,,"Ranee Spaghetti - 400G - Base",1,0,visible,,,,,taxable,,1,45,,0,0,,,,,0,,,58,,,,,,,2823663385,,,,,,1,Pricing,Base,,1,258,,,,,,,,,,,,,,,,,590,yes,,no,,,,no,no,no,
3757,variation,,"Sokoni Steel Wool Sachet - 15g - Base",1,0,visible,,,,,taxable,,1,732,,0,0,,,,,0,,,8,,,,,,,687645793,,,,,,1,Pricing,Base,,1,257,,,,,,,,,,,,,,,,,619,yes,,no,,,,no,no,no,
3758,variation,,"Sunlight Tablet Yellow - 50g - Base",1,0,visible,,,,,taxable,,1,84,,0,0,,,,,0,,,15,,,,,,,7412747853,,,,,,1,Pricing,Base,,1,256,,,,,,,,,,,,,,,,,582,yes,,no,,,,no,no,no,
3759,variation,,"Kabras Sugar - 1Kg - Base",1,0,visible,,,,,taxable,,1,377,,0,0,,,,,0,,,129,,,,,,,3101560275,,,,,,1,Pricing,Base,,1,205,,,,,,,,,,,,,,,,,645,yes,,no,,,,no,no,no,
3760,variation,,"Rina Vegetable Oil - 500ml - Base",1,0,visible,,,,,taxable,,1,2,,0,0,,,,,0,,,165,,,,,,,6337594797,,,,,,0,Pricing,Base,,1,255,,,,,,,,,,,,,,,,,638,yes,,,,,,,,,
3761,variation,,"Vaseline Pure Jelly - 100g - Base",1,0,visible,,,,,taxable,,1,65,,0,0,,,,,0,,,104,,,,,,,4617557768,,,,,,1,Pricing,Base,,1,254,,,,,,,,,,,,,,,,,582,yes,,no,,,,no,no,no,
3762,variation,,"Royco Bouillon Beef Cube - 4g*40 pieces - Base",1,0,visible,,,,,taxable,,1,59,,0,0,,,,,0,,,125,,,,,,,8307631048,,,,,,1,Pricing,Base,,1,253,,,,,,,,,,,,,,,,0,625,yes,,no,,,,no,no,no,
3763,variation,,"Geisha Rose & Honey Soap - 225G - Base",1,0,visible,,,,,taxable,,1,32,,0,0,,,,,0,,,83,,,,,,,1769981495,,,,,,0,Pricing,Base,,1,252,,,,,,,,,,,,,,,,,582,yes,,,,,,,,,
3764,variation,,"Indomie- Beef 70g - Base",1,0,hidden,,,,,taxable,,0,,,0,0,,,,,0,,,,,,,,,,552666428,,,,,,0,Pricing,Base,,1,251,,,,,,,,,,,,,,,,,0,yes,,,,,,,,,
3765,variation,,"Pembe Ata Mark 1 - 2Kg - Base",1,0,visible,,,,,taxable,,1,34,,0,0,,,,,0,,,145,,,,,,,4959713278,,,,,,1,Pricing,Base,,1,250,,,,,,,,,,,,,,,,,582,yes,,no,,,,no,no,no,
3766,variation,,"Ufuta Cooking Oil - 1L - Pamoja",1,0,visible,,,,,taxable,,1,5,,0,0,,,,,0,,,279,,,,,,,6836363084,,,,,,2,Pricing,Pamoja,,1,263,,,,,,,,,,,,,,,,,582,yes,,no,,,,no,no,no,
3767,variation,,"Ufuta Vegetable Cooking Oil - 500ml - Pamoja",1,0,visible,,,,,taxable,,1,19,,0,0,,,,,0,,,156,,,,,,,2299386976,,,,,,0,Pricing,Pamoja,,1,262,,,,,,,,,,,,,,,,,582,yes,,,,,,,,,
3768,variation,,"Ufuta Vegetable Cooking Oil - 5L - Pamoja",1,0,visible,,,,,taxable,,1,17,,0,0,,,,,0,,,1200,,,,,,,8946330124,,,,,,2,Pricing,Pamoja,,1,261,,,,,,,,,,,,,,,,,633,yes,,no,,,,no,no,no,
3769,variation,,"Geisha Milk &amp; Honey Soap - 225G - Pamoja",1,0,hidden,,,,,taxable,,0,,,0,0,,,,,0,,,,,,,,,,2198730129,,,,,,0,Pricing,Pamoja,,1,260,,,,,,,,,,,,,,,,,,yes,,,,,,,,,
3770,variation,,"Msafi Cream Bar Soap 1Kg - Pamoja",1,0,visible,,,,,taxable,,0,,,0,0,,,,,0,,,135,,,,,,,6387436123,,,,,,0,Pricing,Pamoja,,1,259,,,,,,,,,,,,,,,,,,yes,,,,,,,,,
3771,variation,,"Ranee Spaghetti - 400G - Pamoja",1,0,visible,,,,,taxable,,1,29,,0,0,,,,,0,,,55,,,,,,,2823663385,,,,,,2,Pricing,Pamoja,,1,258,,,,,,,,,,,,,,,,,590,yes,,no,,,,no,no,no,
3772,variation,,"Sokoni Steel Wool Sachet - 15g - Pamoja",1,0,visible,,,,,taxable,,1,604,,0,0,,,,,0,,,5,,,,,,,687645793,,,,,,2,Pricing,Pamoja,,1,257,,,,,,,,,,,,,,,,,619,yes,,no,,,,no,no,no,
3773,variation,,"Sunlight Tablet Yellow - 50g - Pamoja",1,0,visible,,,,,taxable,,1,80,,0,0,,,,,0,,,15,,,,,,,7412747853,,,,,,2,Pricing,Pamoja,,1,256,,,,,,,,,,,,,,,,,582,yes,,no,,,,no,no,no,
3774,variation,,"Kabras Sugar - 1Kg - Pamoja",1,0,visible,,,,,taxable,,1,262,,0,0,,,,,0,,,128,,,,,,,3101560275,,,,,,2,Pricing,Pamoja,,1,205,,,,,,,,,,,,,,,,,645,yes,,no,,,,no,no,no,
3775,variation,,"Rina Vegetable Oil - 500ml - Pamoja",1,0,visible,,,,,taxable,,1,1,,0,0,,,,,0,,,160,,,,,,,6337594797,,,,,,0,Pricing,Pamoja,,1,255,,,,,,,,,,,,,,,,,638,yes,,,,,,,,,
3776,variation,,"Vaseline Pure Jelly - 100g - Pamoja",1,0,visible,,,,,taxable,,1,63,,0,0,,,,,0,,,99,,,,,,,4617557768,,,,,,2,Pricing,Pamoja,,1,254,,,,,,,,,,,,,,,,,582,yes,,no,,,,no,no,no,
3777,variation,,"Royco Bouillon Beef Cube - 4g*40 pieces - Pamoja",1,0,visible,,,,,taxable,,1,56,,0,0,,,,,0,,,120,,,,,,,8307631048,,,,,,2,Pricing,Pamoja,,1,253,,,,,,,,,,,,,,,,0,625,yes,,no,,,,no,no,no,
3778,variation,,"Geisha Rose & Honey Soap - 225G - Pamoja",1,0,visible,,,,,taxable,,1,32,,0,0,,,,,0,,,80,,,,,,,1769981495,,,,,,0,Pricing,Pamoja,,1,252,,,,,,,,,,,,,,,,,582,yes,,,,,,,,,
3779,variation,,"Indomie- Beef 70g - Pamoja",1,0,hidden,,,,,taxable,,0,,,0,0,,,,,0,,,,,,,,,,552666428,,,,,,0,Pricing,Pamoja,,1,251,,,,,,,,,,,,,,,,,,yes,,,,,,,,,
3780,variation,,"Pembe Ata Mark 1 - 2Kg - Pamoja",1,0,visible,,,,,taxable,,1,28,,0,0,,,,,0,,,144,,,,,,,4959713278,,,,,,2,Pricing,Pamoja,,1,250,,,,,,,,,,,,,,,,,582,yes,,no,,,,no,no,no,
3949,variable,3066355198,"Pembe Maize Meal - 1Kg",1,0,visible,"Pembe Maize Meal - 1Kg","Pembe Maize Meal - 1Kg",,,taxable,,1,,,0,0,,,,,0,,,,Flours,,,https://kapuafrica.com/wp-content/uploads/2022/01/Pembe-Maize-Meal-1kg.jpg,,,,,,,,,0,Pricing,"Base, Pamoja",1,1,158,,yes,classic-editor,type1,no,no,,,,,no,no,no,no,85,,,,,,,,,,,,
3950,variable,4124446115,"Ajab Home Baking - 1Kg",1,0,visible,"Ajab Home Baking - 1Kg","Ajab Home Baking - 1Kg",,,taxable,,1,,,0,0,,,,,0,,,,Flours,,,https://kapuafrica.com/wp-content/uploads/2022/01/Ajab-kg.jpg,,,,,,,,,0,Pricing,"Base, Pamoja",1,1,159,,yes,classic-editor,type1,no,no,,,,,no,no,no,no,21,,,,,,,,,,,,
3951,variable,3886184478,"Menengai Cream Bar Soap - 1KG",1,0,visible,"Menengai Cream Bar Soap - 1KG","Menengai Cream Bar Soap - 1KG",,,taxable,,1,,,0,0,,,,,0,,,,"Household Cleaners",,,https://kapuafrica.com/wp-content/uploads/2022/01/Menegai-Cream-Bar-Soap.png,,,,,,,,,0,Pricing,"Base, Pamoja",1,1,160,,yes,classic-editor,type1,no,no,,,,,no,no,no,no,21,,,,,,,,,,,,
3952,variable,1732607775,"Quencher Orange - 1L",1,0,visible,"Quencher Orange - 1L","Quencher Orange - 1L",,,taxable,,1,,,0,0,,,,,0,,,,"Soft Drinks",,,https://kapuafrica.com/wp-content/uploads/2022/01/Quencher-1kg.jpg,,,,,,,,,0,Pricing,"Base, Pamoja",1,1,161,,yes,classic-editor,type1,no,no,,,,,no,no,no,no,19,,,,,,,,,,,,
3953,variable,2502190783,"Pembe Home Baking - 1KG",1,0,visible,"Pembe Home Baking - 1KG","Pembe Home Baking - 1KG",,,taxable,,1,,,0,0,,,,,0,,,,Flours,,,https://kapuafrica.com/wp-content/uploads/2022/01/Pembe-Atta-2kg.jpg,,,,,,,,,0,Pricing,"Base, Pamoja",1,1,162,,yes,classic-editor,type1,no,no,,,,,no,no,no,no,30,,,,,,,,,,,,
3954,variable,7956442967,"Softcare Sanitary Pads Maxi Thick Purple - 8",1,0,visible,"Softcare Sanitary Pads Maxi Thick Purple - 8","Softcare Sanitary Pads Maxi Thick Purple - 8",,,taxable,,1,,,0,0,,,,,0,,,,Hygiene,,,https://kapuafrica.com/wp-content/uploads/2022/01/Softcare-sanitary.jpg,,,,,,,,,0,Pricing,"Base, Pamoja",1,1,163,,yes,classic-editor,type1,no,no,,,,,no,no,no,no,25,,,,,,,,,,,,
3955,variable,3349960968,"Omo Extra Fresh - 30g",1,0,visible,"Omo Extra Fresh - 30g","Omo Extra Fresh - 30g",,,taxable,,1,,,0,0,,,,,0,,,,"Household Cleaners",,,https://kapuafrica.com/wp-content/uploads/2022/01/Omo-Extra-Fresh-30g.jpeg,,,,,,,,,0,Pricing,"Base, Pamoja",1,1,164,,yes,classic-editor,type1,no,no,,,,,no,no,no,no,8,,,,,,,,,,,,
3956,variable,6662194864,"Pekee Smart Wrapped - 1 Roll",1,0,visible,"Pekee Smart Wrapped - 1 Roll","Pekee Smart Wrapped - 1 Roll",,,taxable,,1,,,0,0,,,,,0,,,,Hygiene,,,https://kapuafrica.com/wp-content/uploads/2022/01/Pekee-1-Roll.jpeg,,,,,,,,,0,Pricing,"Base, Pamoja",1,1,165,,yes,classic-editor,type1,no,no,,,,,no,no,no,no,28,,,,,,,,,,,,
3957,variable,5441115845,"Egg - Half Tray (15 Pieces)",1,0,visible,"Egg - Half Tray (15 Pieces)","Egg - Half Tray (15 Pieces)",,,taxable,,1,,,0,0,,,,,0,,,,Eggs,,,https://kapuafrica.com/wp-content/uploads/2022/01/Eggs-12-tray.jpg,,,,,,,,,0,Pricing,"Base, Pamoja",1,1,166,,yes,classic-editor,type1,no,no,,,,,no,no,no,no,83,,,,,,,,,,,,
3958,variable,5144296158,"Royco - Bouillon Beef Cube 4g x 10 Pieces",1,0,visible,"Royco - Bouillon Beef Cube 4g x 10 Pieces","Royco - Bouillon Beef Cube 4g x 10 Pieces",,,taxable,,1,,,0,0,,,,,0,,,,"Cooking Ingredient",,,https://kapuafrica.com/wp-content/uploads/2022/01/Royco-Beef-10-cues.jpg,,,,,,,,,0,Pricing,"Base, Pamoja",1,1,167,,yes,classic-editor,type1,no,no,,,,,no,no,no,no,15,,,,,,,,,,,,
3959,variation,,"Pembe Maize Meal - 1Kg - Base",1,0,visible,,,,,taxable,,1,187,,0,0,,,,,0,,,60,,,,,,,3066355198,,,,,,1,Pricing,Base,,1,249,,,,,,,,,,,,,,,,,582,yes,,no,,,,no,no,no,
3960,variation,,"Ajab Home Baking - 1Kg - Base",1,0,visible,,,,,taxable,,1,341,,0,0,,,,,0,,,75,,,,,,,4124446115,,,,,,1,Pricing,Base,,1,246,,,,,,,,,,,,,,,,,626,yes,,no,,,,no,no,no,
3961,variation,,"Menengai Cream Bar Soap - 1KG - Base",1,0,visible,,,,,taxable,,1,139,,0,0,,,,,0,,,180,,,,,,,3886184478,,,,,,1,Pricing,Base,,1,247,,,,,,,,,,,,,,,,,591,yes,,no,,,,no,no,no,
3962,variation,,"Quencher Orange - 1L - Base",1,0,visible,,,,,taxable,,1,18,,0,0,,,,,0,,,140,,,,,,,1732607775,,,,,,1,Pricing,Base,,1,248,,,,,,,,,,,,,,,,,645,yes,,no,,,,no,no,no,
3963,variation,,"Pembe Home Baking - 1KG - Base",1,0,visible,,,,,taxable,,1,385,,0,0,,,,,0,,,74,,,,,,,2502190783,,,,,,1,Pricing,Base,,1,243,,,,,,,,,,,,,,,,,582,yes,,no,,,,no,no,no,
3964,variation,,"Softcare Sanitary Pads Maxi Thick Purple - 8 - Base",1,0,visible,,,,,taxable,,1,35,,0,0,,,,,0,,,48,,,,,,,7956442967,,,,,,1,Pricing,Base,,1,244,,,,,,,,,,,,,,,,,600,yes,,no,,,,no,no,no,
3965,variation,,"Omo Extra Fresh - 30g - Base",1,0,visible,,,,,taxable,,1,108,,0,0,,,,,0,,,10,,,,,,,3349960968,,,,,,0,Pricing,Base,,1,245,,,,,,,,,,,,,,,,,582,yes,,,,,,,,,
3966,variation,,"Pekee Smart Wrapped - 1 Roll - Base",1,0,visible,,,,,taxable,,1,54,,0,0,,,,,0,,,20,,,,,,,6662194864,,,,,,0,Pricing,Base,,1,240,,,,,,,,,,,,,,,,,600,yes,,no,,,,no,no,no,
3967,variation,,"Egg - Half Tray (15 Pieces) - Base",1,0,visible,,,,,taxable,,1,119,,0,0,,,,,0,,,170,,,,,,,5441115845,,,,,,1,Pricing,Base,,1,241,,,,,,,,,,,,,,,,0,602,yes,,no,,,,no,no,no,
3968,variation,,"Royco - Bouillon Beef Cube 4g x 10 Pieces - Base",1,0,visible,,,,,taxable,,1,156,,0,0,,,,,0,,,32,,,,,,,5144296158,,,,,,1,Pricing,Base,,1,242,,,,,,,,,,,,,,,,0,625,yes,,no,,,,no,no,no,
3969,variation,,"Pembe Maize Meal - 1Kg - Pamoja",1,0,visible,,,,,taxable,,1,112,,0,0,,,,,0,,,58,,,,,,,3066355198,,,,,,2,Pricing,Pamoja,,1,249,,,,,,,,,,,,,,,,,582,yes,,no,,,,no,no,no,
3970,variation,,"Ajab Home Baking - 1Kg - Pamoja",1,0,visible,,,,,taxable,,1,329,,0,0,,,,,0,,,74,,,,,,,4124446115,,,,,,2,Pricing,Pamoja,,1,246,,,,,,,,,,,,,,,,,626,yes,,no,,,,no,no,no,
3971,variation,,"Menengai Cream Bar Soap - 1KG - Pamoja",1,0,visible,,,,,taxable,,1,125,,0,0,,,,,0,,,179,,,,,,,3886184478,,,,,,2,Pricing,Pamoja,,1,247,,,,,,,,,,,,,,,,,591,yes,,no,,,,no,no,no,
3972,variation,,"Quencher Orange - 1L - Pamoja",1,0,visible,,,,,taxable,,1,17,,0,0,,,,,0,,,135,,,,,,,1732607775,,,,,,2,Pricing,Pamoja,,1,248,,,,,,,,,,,,,,,,,645,yes,,no,,,,no,no,no,
3973,variation,,"Pembe Home Baking - 1KG - Pamoja",1,0,visible,,,,,taxable,,1,389,,0,0,,,,,0,,,73,,,,,,,2502190783,,,,,,0,Pricing,Pamoja,,1,243,,,,,,,,,,,,,,,,,582,yes,,no,,,,no,no,no,
3974,variation,,"Softcare Sanitary Pads Maxi Thick Purple - 8 - Pamoja",1,0,visible,,,,,taxable,,1,35,,0,0,,,,,0,,,45,,,,,,,7956442967,,,,,,2,Pricing,Pamoja,,1,244,,,,,,,,,,,,,,,,,600,yes,,no,,,,no,no,no,
3975,variation,,"Omo Extra Fresh - 30g - Pamoja",1,0,visible,,,,,taxable,,1,108,,0,0,,,,,0,,,9,,,,,,,3349960968,,,,,,0,Pricing,Pamoja,,1,245,,,,,,,,,,,,,,,,,582,yes,,,,,,,,,
3976,variation,,"Pekee Smart Wrapped - 1 Roll - Pamoja",1,0,visible,,,,,taxable,,1,43,,0,0,,,,,0,,,19,,,,,,,6662194864,,,,,,2,Pricing,Pamoja,,1,240,,,,,,,,,,,,,,,,,600,yes,,no,,,,no,no,no,
3977,variation,,"Egg - Half Tray (15 Pieces) - Pamoja",1,0,visible,,,,,taxable,,1,116,,0,0,,,,,0,,,165,,,,,,,5441115845,,,,,,2,Pricing,Pamoja,,1,241,,,,,,,,,,,,,,,,0,602,yes,,no,,,,no,no,no,
3978,variation,,"Royco - Bouillon Beef Cube 4g x 10 Pieces - Pamoja",1,0,visible,,,,,taxable,,1,154,,0,0,,,,,0,,,30,,,,,,,5144296158,,,,,,2,Pricing,Pamoja,,1,242,,,,,,,,,,,,,,,,0,625,yes,,no,,,,no,no,no,
3980,variable,9057620638,"Menengai Cream Bar Soap - 800g",1,0,visible,"Menengai Cream Bar Soap - 800g","Menengai Cream Bar Soap - 800g",,,taxable,,1,,,0,0,,,,,0,,,,"Household Cleaners",,,https://kapuafrica.com/wp-content/uploads/2022/01/Menegai-Cream-Bar-Soap.png,,,,,,,,,0,Pricing,"Base, Pamoja",1,1,168,,yes,classic-editor,type1,no,no,,,,,no,no,no,no,71,,,,,,,,,,,,
3981,variation,,"Menengai Cream Bar Soap - 800g - Base",1,0,visible,,,,,taxable,,1,68,,0,0,,,,,0,,,147,,,,,,,9057620638,,,,,,1,Pricing,Base,,1,239,,,,,,,,,,,,,,,,,588,yes,,no,,,,no,no,no,
3982,variation,,"Menengai Cream Bar Soap - 800g - Pamoja",1,0,visible,,,,,taxable,,1,54,,0,0,,,,,0,,,145,,,,,,,9057620638,,,,,,2,Pricing,Pamoja,,1,239,,,,,,,,,,,,,,,,,588,yes,,no,,,,no,no,no,
4214,variable,7326231735,"Mahitaji Maize Flour - 2Kg",1,0,visible,"Mahitaji Maize Flour - 2Kg","Mahitaji Maize Flour - 2Kg",,,taxable,,1,,,0,0,,,,,0,,,,Flours,,,https://kapuafrica.com/wp-content/uploads/2022/02/WhatsApp-Image-2022-02-08-at-8.34.05-AM.jpeg,,,,,,,,,0,Pricing,"Base, Pamoja",1,1,169,,yes,classic-editor,type1,no,no,,,,,no,no,no,no,29,,,,,,,,,,,,
4215,variable,8876920123,"Mama Maize Flour - 2Kg",1,0,hidden,"Mama Maize Flour - 2Kg","Mama Maize Flour - 2Kg",,,taxable,,0,0,,0,0,,,,,0,,,,Flours,,,https://kapuafrica.com/wp-content/uploads/2022/02/Mama-Maize-Flour-2kg.jpg,,,,,,,,,0,Pricing,"Base, Pamoja",1,1,170,,yes,classic-editor,type1,no,no,,,,,no,no,no,no,0,,,,,,,,,,,,
4216,variable,8957069162,"Cabbage - 1 Piece (1.3 to 1.4Kg)",1,0,hidden,"Cabbage - 1 Piece (1.3 to 1.4Kg)","Cabbage - 1 Piece (1.3 to 1.4Kg)",,,taxable,,0,0,,0,0,,,,,0,,,,Vegetables,,,,,,,,,,,,0,Pricing,"Base, Pamoja",1,1,171,,yes,classic-editor,type1,no,no,,,,,no,no,no,no,0,,,,,,,,,,,,
4217,variable,3038069397,"Garlic - 1 Piece (50gr)",1,0,hidden,"Garlic - 1 Piece (50gr)","Garlic - 1 Piece (50gr)",,,taxable,,0,0,,0,0,,,,,0,,,,Vegetables,,,https://kapuafrica.com/wp-content/uploads/2022/02/white-garlic.jpeg,,,,,,,,,0,Pricing,"Base, Pamoja",1,1,172,,yes,classic-editor,type1,no,no,,,,,no,no,no,no,,,,,,,,,,,,,
4218,variable,6567293625,"Ginger - 1 Piece (50gr)",1,0,hidden,"Ginger - 1 Piece (50gr)","Ginger - 1 Piece (50gr)",,,taxable,,0,0,,0,0,,,,,0,,,,Vegetables,,,https://kapuafrica.com/wp-content/uploads/2022/02/Ginger-.jpg,,,,,,,,,0,Pricing,"Base, Pamoja",1,1,173,,yes,classic-editor,type1,no,no,,,,,no,no,no,no,,,,,,,,,,,,,
4219,variable,6253415922,"Green Capsicum - 5 Pieces (300 t0 350gr)",1,0,hidden,"Green Capsicum - 5 Pieces (300 t0 350gr)","Green Capsicum - 5 Pieces (300 t0 350gr)",,,taxable,,0,,,0,0,,,,,0,,,,Vegetables,,,https://kapuafrica.com/wp-content/uploads/2022/02/Green-capsicum-X-5-pieces.jpeg,,,,,,,,,0,Pricing,"Base, Pamoja",1,1,174,,yes,classic-editor,type1,no,no,,,,,no,no,no,no,0,,,,,,,,,,,,
4220,variable,4259419269,"Local Oranges - 3 Pieces (450 to 500gr)",1,0,hidden,"Local Oranges - 3 Pieces (450 to 500gr)","Local Oranges - 3 Pieces (450 to 500gr)",,,taxable,,0,,,0,0,,,,,0,,,,Fruits,,,https://kapuafrica.com/wp-content/uploads/2022/02/Oranges-1.jpeg,,,,,,,,,0,Pricing,"Base, Pamoja",1,1,175,,yes,classic-editor,type1,no,no,,,,,no,no,no,no,0,,,,,,,,,,,,
4221,variable,8486448310,"Supa Loaf Butter Toast - 400g",1,0,visible,"Supa Loaf Butter Toast - 400g","Supa Loaf Butter Toast - 400g",,,taxable,,0,0,,0,0,,,,,0,,,,"Bread &amp; Cereals",,,https://kapuafrica.com/wp-content/uploads/2022/02/Supa-Loaf-Butter-toast-400g.jpeg,,,,,,,,,0,Pricing,"Base, Pamoja",1,1,176,,yes,classic-editor,type1,no,no,,,,,no,no,no,no,0,,,,,,,,,,,,
4222,variable,5051086707,"Zucchini/Courgette - 4 Pieces (350 to 450gr)",1,0,hidden,"Zucchini/Courgette - 4 Pieces (350 to 450gr)","Zucchini/Courgette - 4 Pieces (350 to 450gr)",,,taxable,,0,,,0,0,,,,,0,,,,Vegetables,,,https://kapuafrica.com/wp-content/uploads/2022/02/Courgette-X-4.jpg,,,,,,,,,0,Pricing,"Base, Pamoja",1,1,177,,yes,classic-editor,type1,no,no,,,,,no,no,no,no,,,,,,,,,,,,,
4223,variable,7777862534,"Ariel Downy Washing Powder - 40g",1,0,visible,"Ariel Downy Washing Powder - 40g","Ariel Downy Washing Powder - 40g",,,taxable,,1,,,0,0,,,,,0,,,,"Household Cleaners",,,https://kapuafrica.com/wp-content/uploads/2022/02/Ariel-Downy-40g.jpeg,,,,,,,,,0,Pricing,"Base, Pamoja",1,1,178,,yes,classic-editor,type1,no,no,,,,,no,no,no,no,12,,,,,,,,,,,,
4224,variable,9984588410,"Geisha Rose & Honey Soap - 250G",1,0,hidden,"Geisha Rose &amp; Honey Soap - 250G","Geisha Rose &amp; Honey Soap - 250G",,,taxable,,1,,,0,0,,,,,0,,,,Hygiene,,,https://kapuafrica.com/wp-content/uploads/2022/01/Geisha-Rose-Honey-Soap.jpeg,,,,,,,,,0,Pricing,"Base, Pamoja",1,1,179,,yes,classic-editor,type1,no,no,,,,,no,no,no,no,,,,,,,,,,,,,
4225,variable,5194488407,"Jamaa Cream Bar Soap - 800g",1,0,visible,"Jamaa Cream Bar Soap - 800g","Jamaa Cream Bar Soap - 800g",,,taxable,,1,,,0,0,,,,,0,,,,"Household Cleaners",,,https://kapuafrica.com/wp-content/uploads/2022/02/Jamaa-Cream-bar-800g.jpg,,,,,,,,,0,Pricing,"Base, Pamoja",1,1,180,,yes,classic-editor,type1,no,no,,,,,no,no,no,no,48,,,,,,,,,,,,
4226,variable,6409616718,"Jamaa Cream Bar Soap - 1Kg",1,0,visible,"Jamaa Cream Bar Soap - 1Kg","Jamaa Cream Bar Soap - 1Kg",,,taxable,,1,,,0,0,,,,,0,,,,"Household Cleaners",,,https://kapuafrica.com/wp-content/uploads/2022/02/Jamaa-Cream-Bar-1kg.jpeg,,,,,,,,,0,Pricing,"Base, Pamoja",1,1,,,yes,classic-editor,type1,no,no,,,,,no,no,no,no,25,,,,,,,,,,,,
4227,variable,8664347240,"Msafi White Bar Soap 1Kg",1,0,hidden,"Msafi White Bar Soap 1Kg","Msafi White Bar Soap 1Kg",,,taxable,,0,0,,0,0,,,,,0,,,,"Household Cleaners",,,https://kapuafrica.com/wp-content/uploads/2022/02/msafi-1kg.jpg,,,,,,,,,0,Pricing,"Base, Pamoja",1,1,,,yes,classic-editor,type1,no,no,,,,,no,no,no,no,0,,,,,,,,,,,,
4228,variable,7024750948,"Rhino Kubwa Match box - 10 S",1,0,visible,"Rhino Kubwa Match box - 10 S","Rhino Kubwa Match box - 10 S",,,taxable,,1,,,0,0,,,,,0,,,,"Household Supply",,,https://kapuafrica.com/wp-content/uploads/2022/02/Rhino-Kubwa-.jpg,,,,,,,,,0,Pricing,"Base, Pamoja",1,1,,,yes,classic-editor,type1,no,no,,,,,no,no,no,no,25,,,,,,,,,,,,
4229,variable,4686547968,"Toss Lavendar Washing Powder - 20g",1,0,visible,"Toss Lavendar Washing Powder - 20g","Toss Lavendar Washing Powder - 20g",,,taxable,,1,,,0,0,,,,,0,,,,"Household Cleaners",,,https://kapuafrica.com/wp-content/uploads/2022/02/Toss-Lavendar-20g.jpg,,,,,,,,,0,Pricing,"Base, Pamoja",1,1,,,yes,classic-editor,type1,no,no,,,,,no,no,no,no,19,,,,,,,,,,,,
4230,variable,3036143639,"Zenta Cream Bar Soap - 800g",1,0,visible,"Zenta Cream Bar Soap - 800g","Zenta Cream Bar Soap - 800g",,,taxable,,0,,,0,0,,,,,0,,,,"Household Cleaners",,,https://kapuafrica.com/wp-content/uploads/2022/02/Zenta-Cream-Bar-800g.jpg,,,,,,,,,0,Pricing,"Base, Pamoja",1,1,,,yes,classic-editor,type1,no,no,,,,,no,no,no,no,9,,,,,,,,,,,,
4231,variable,7043801979,"Zenta Cream Bar Soap - 1Kg",1,0,visible,"Zenta Cream Bar Soap - 1Kg","Zenta Cream Bar Soap - 1Kg",,,taxable,,1,,,0,0,,,,,0,,,,"Household Cleaners",,,,,,,,,,,,0,Pricing,"Base, Pamoja",1,1,,,yes,classic-editor,type1,no,no,,,,,no,no,no,no,4,,,,,,,,,,,,
4232,variation,,"Mahitaji Maize Flour - 2Kg - Base",1,0,visible,,,,,taxable,,1,48,,0,0,,,,,0,,,108,,,,,,,7326231735,,,,,,1,Pricing,Base,,1,237,,,,,,,,,,,,,,,,,582,yes,,no,,,,no,no,no,
4233,variation,,"Mama Maize Flour - 2Kg - Base",1,0,hidden,,,,,taxable,,0,0,,0,0,,,,,0,,,113,,,,,,,8876920123,,,,,,0,Pricing,Base,,1,238,,,,,,,,,,,,,,,,,0,yes,,,,,,,,,
4234,variation,,"Cabbage - 1 Piece (1.3 to 1.4Kg) - Base",1,0,hidden,,,,,taxable,,0,0,,0,0,,,,,0,,,,,,,,,,8957069162,,,,,,0,Pricing,Base,,1,234,,,,,,,,,,,,,,,,,0,yes,,,,,,,,,
4235,variation,,"Garlic - 1 Piece (50gr) - Base",1,0,hidden,,,,,taxable,,0,0,,0,0,,,,,0,,,15,,,,,,,3038069397,,,,,,0,Pricing,Base,,1,235,,,,,,,,,,,,,,,,,0,yes,,,,,,,,,
4236,variation,,"Ginger - 1 Piece (50gr) - Base",1,0,hidden,,,,,taxable,,0,0,,0,0,,,,,0,,,15,,,,,,,6567293625,,,,,,0,Pricing,Base,,1,236,,,,,,,,,,,,,,,,,0,yes,,,,,,,,,
4237,variation,,"Green Capsicum - 5 Pieces (300 t0 350gr) - Base",1,0,hidden,,,,,taxable,,0,0,,0,0,,,,,0,,,20,,,,,,,6253415922,,,,,,0,Pricing,Base,,1,231,,,,,,,,,,,,,,,,,0,yes,,,,,,,,,
4238,variation,,"Local Oranges - 3 Pieces (450 to 500gr) - Base",1,0,hidden,,,,,taxable,,0,0,,0,0,,,,,0,,,20,,,,,,,4259419269,,,,,,0,Pricing,Base,,1,232,,,,,,,,,,,,,,,,,0,yes,,,,,,,,,
4239,variation,,"Supa Loaf Butter Toast - 400g - Base",1,0,visible,,,,,taxable,,0,0,,0,0,,,,,0,,,52,,,,,,,8486448310,,,,,,1,Pricing,Base,,1,233,,,,,,,,,,,,,,,,,126,yes,,no,,,,no,no,no,
4240,variation,,"Zucchini/Courgette - 4 Pieces (350 to 450gr) - Base",1,0,hidden,,,,,taxable,,0,0,,0,0,,,,,0,,,20,,,,,,,5051086707,,,,,,0,Pricing,Base,,1,228,,,,,,,,,,,,,,,,,0,yes,,,,,,,,,
4241,variation,,"Ariel Downy Washing Powder - 40g - Base",1,0,visible,,,,,taxable,,1,73,,0,0,,,,,0,,,10,,,,,,,7777862534,,,,,,1,Pricing,Base,,1,229,,,,,,,,,,,,,,,,,629,yes,,no,,,,no,no,no,
4242,variation,,"Geisha Rose & Honey Soap - 250G - Base",1,0,hidden,,,,,taxable,,1,72,,0,0,,,,,0,,,83,,,,,,,9984588410,,,,,,0,Pricing,Base,,1,230,,,,,,,,,,,,,,,,,582,yes,,,,,,,,,
4243,variation,,"Jamaa Cream Bar Soap - 800g - Base",1,0,visible,,,,,taxable,,1,233,,0,0,,,,,0,,,126,,,,,,,5194488407,,,,,,1,Pricing,Base,,1,227,,,,,,,,,,,,,,,,,619,yes,,no,,,,no,no,no,
4244,variation,,"Jamaa Cream Bar Soap - 1Kg - Base",1,0,visible,,,,,taxable,,1,49,,0,0,,,,,0,,,145,,,,,,,6409616718,,,,,,1,Pricing,Base,,1,224,,,,,,,,,,,,,,,,,650,yes,,no,,,,no,no,no,
4245,variation,,"Msafi White Bar Soap 1Kg - Base",1,0,hidden,,,,,taxable,,0,0,,0,0,,,,,0,,,141,,,,,,,8664347240,,,,,,0,Pricing,Base,,1,225,,,,,,,,,,,,,,,,,0,yes,,,,,,,,,
4246,variation,,"Rhino Kubwa Match box - 10 S - Base",1,0,visible,,,,,taxable,,1,162,,0,0,,,,,0,,,39,,,,,,,7024750948,,,,,,1,Pricing,Base,,1,226,,,,,,,,,,,,,,,,,582,yes,,no,,,,no,no,no,
4247,variation,,"Toss Lavendar Washing Powder - 20g - Base",1,0,visible,,,,,taxable,,1,269,,0,0,,,,,0,,,5,,,,,,,4686547968,,,,,,1,Pricing,Base,,1,221,,,,,,,,,,,,,,,,,599,yes,,no,,,,no,no,no,
4248,variation,,"Zenta Cream Bar Soap - 800g - Base",1,0,visible,,,,,taxable,,0,0,,0,0,,,,,0,,,115,,,,,,,3036143639,,,,,,1,Pricing,Base,,1,222,,,,,,,,,,,,,,,,,577,yes,,no,,,,no,no,no,
4249,variation,,"Zenta Cream Bar Soap - 1Kg - Base",1,0,visible,,,,,taxable,,1,8,,0,0,,,,,0,,,145,,,,,,,7043801979,,,,,,0,Pricing,Base,,1,223,,,,,,,,,,,,,,,,,629,yes,,,,,,,,,
4250,variation,,"Mahitaji Maize Flour - 2Kg - Pamoja",1,0,visible,,,,,taxable,,1,40,,0,0,,,,,0,,,105,,,,,,,7326231735,,,,,,2,Pricing,Pamoja,,1,237,,,,,,,,,,,,,,,,,582,yes,,no,,,,no,no,no,
4251,variation,,"Mama Maize Flour - 2Kg - Pamoja",1,0,hidden,,,,,taxable,,0,,,0,0,,,,,0,,,111,,,,,,,8876920123,,,,,,0,Pricing,Pamoja,,1,238,,,,,,,,,,,,,,,,,,yes,,,,,,,,,
4252,variation,,"Cabbage - 1 Piece (1.3 to 1.4Kg) - Pamoja",1,0,hidden,,,,,taxable,,0,,,0,0,,,,,0,,,,,,,,,,8957069162,,,,,,0,Pricing,Pamoja,,1,234,,,,,,,,,,,,,,,,,,yes,,,,,,,,,
4253,variation,,"Garlic - 1 Piece (50gr) - Pamoja",1,0,hidden,,,,,taxable,,0,,,0,0,,,,,0,,,10,,,,,,,3038069397,,,,,,0,Pricing,Pamoja,,1,235,,,,,,,,,,,,,,,,,,yes,,,,,,,,,
4254,variation,,"Ginger - 1 Piece (50gr) - Pamoja",1,0,hidden,,,,,taxable,,0,,,0,0,,,,,0,,,10,,,,,,,6567293625,,,,,,0,Pricing,Pamoja,,1,236,,,,,,,,,,,,,,,,,,yes,,,,,,,,,
4255,variation,,"Green Capsicum - 5 Pieces (300 t0 350gr) - Pamoja",1,0,hidden,,,,,taxable,,0,,,0,0,,,,,0,,,18,,,,,,,6253415922,,,,,,0,Pricing,Pamoja,,1,231,,,,,,,,,,,,,,,,,,yes,,,,,,,,,
4256,variation,,"Local Oranges - 3 Pieces (450 to 500gr) - Pamoja",1,0,hidden,,,,,taxable,,0,,,0,0,,,,,0,,,18,,,,,,,4259419269,,,,,,0,Pricing,Pamoja,,1,232,,,,,,,,,,,,,,,,,,yes,,,,,,,,,
4257,variation,,"Supa Loaf Butter Toast - 400g - Pamoja",1,0,visible,,,,,taxable,,0,,,0,0,,,,,0,,,50,,,,,,,8486448310,,,,,,2,Pricing,Pamoja,,1,233,,,,,,,,,,,,,,,,,,yes,,no,,,,no,no,no,
4258,variation,,"Zucchini/Courgette - 4 Pieces (350 to 450gr) - Pamoja",1,0,hidden,,,,,taxable,,0,,,0,0,,,,,0,,,18,,,,,,,5051086707,,,,,,0,Pricing,Pamoja,,1,228,,,,,,,,,,,,,,,,,,yes,,,,,,,,,
4259,variation,,"Ariel Downy Washing Powder - 40g - Pamoja",1,0,visible,,,,,taxable,,1,51,,0,0,,,,,0,,,9,,,,,,,7777862534,,,,,,2,Pricing,Pamoja,,1,229,,,,,,,,,,,,,,,,,629,yes,,no,,,,no,no,no,
4260,variation,,"Geisha Rose & Honey Soap - 250G - Pamoja",1,0,hidden,,,,,taxable,,1,72,,0,0,,,,,0,,,80,,,,,,,9984588410,,,,,,0,Pricing,Pamoja,,1,230,,,,,,,,,,,,,,,,,582,yes,,,,,,,,,
4261,variation,,"Jamaa Cream Bar Soap - 800g - Pamoja",1,0,visible,,,,,taxable,,1,204,,0,0,,,,,0,,,122,,,,,,,5194488407,,,,,,2,Pricing,Pamoja,,1,227,,,,,,,,,,,,,,,,,619,yes,,no,,,,no,no,no,
4262,variation,,"Jamaa Cream Bar Soap - 1Kg - Pamoja",1,0,visible,,,,,taxable,,1,45,,0,0,,,,,0,,,143,,,,,,,6409616718,,,,,,2,Pricing,Pamoja,,1,224,,,,,,,,,,,,,,,,,650,yes,,no,,,,no,no,no,
4263,variation,,"Msafi White Bar Soap 1Kg - Pamoja",1,0,hidden,,,,,taxable,,0,,,0,0,,,,,0,,,136,,,,,,,8664347240,,,,,,0,Pricing,Pamoja,,1,225,,,,,,,,,,,,,,,,,,yes,,,,,,,,,
4264,variation,,"Rhino Kubwa Match box - 10 S - Pamoja",1,0,visible,,,,,taxable,,1,161,,0,0,,,,,0,,,35,,,,,,,7024750948,,,,,,2,Pricing,Pamoja,,1,226,,,,,,,,,,,,,,,,,582,yes,,no,,,,no,no,no,
4265,variation,,"Toss Lavendar Washing Powder - 20g - Pamoja",1,0,visible,,,,,taxable,,1,214,,0,0,,,,,0,,,4,,,,,,,4686547968,,,,,,2,Pricing,Pamoja,,1,221,,,,,,,,,,,,,,,,,599,yes,,no,,,,no,no,no,
4266,variation,,"Zenta Cream Bar Soap - 800g - Pamoja",1,0,visible,,,,,taxable,,0,,,0,0,,,,,0,,,110,,,,,,,3036143639,,,,,,2,Pricing,Pamoja,,1,222,,,,,,,,,,,,,,,,,577,yes,,no,,,,no,no,no,
4267,variation,,"Zenta Cream Bar Soap - 1Kg - Pamoja",1,0,visible,,,,,taxable,,1,5,,0,0,,,,,0,,,140,,,,,,,7043801979,,,,,,0,Pricing,Pamoja,,1,223,,,,,,,,,,,,,,,,,629,yes,,,,,,,,,
4370,variable,576431025,"Kabras Sugar - 2Kg",1,0,visible,"Kabras Sugar - 2Kg","Kabras Sugar - 2Kg",,,taxable,,1,,,0,0,,,,,0,,,,Sugar,,,https://kapuafrica.com/wp-content/uploads/2021/11/Kabras-Sugar-2kg.jpeg,,,,,,,,,0,Pricing,"Base, Pamoja",1,1,119,,yes,classic-editor,type1,no,no,,,,,no,no,no,no,194,,120,,,,,,,,,,
4371,variation,,"Kabras Sugar - 2Kg - Base",1,0,visible,,,,,taxable,,1,338,,0,0,,,,,0,,,254,,,,,,,576431025,,,,,,1,Pricing,Base,,1,220,,,,,,,,,,,,,,,,,627,yes,,no,,,,no,no,no,
4372,variation,,"Kabras Sugar - 2Kg - Pamoja",1,0,visible,,,,,taxable,,1,292,,0,0,,,,,0,,,252,,,,,,,576431025,,,,,,2,Pricing,Pamoja,,1,220,,,,,,,,,,,,,,,,,627,yes,,no,,,,no,no,no,
4668,variable,8423708679,"Kensalt - 2Kg",1,0,visible,"Kensalt - 2Kg","Kensalt - 2Kg",,,taxable,,1,,,0,0,,,,,0,,,,"Cooking Ingredient",,,https://kapuafrica.com/wp-content/uploads/2022/02/Kensalt-2kg.jpg,,,,,,,,,0,Pricing,"Base, Pamoja",1,1,192,,yes,classic-editor,type1,no,no,,,,,no,no,no,no,6,,,,,,,,,,,,
4669,variable,7971804536,"Morning Fresh Paste Original - 400g",1,0,visible,"Morning Fresh Paste Original - 400g","Morning Fresh Paste Original - 400g",,,taxable,,1,,,0,0,,,,,0,,,,"Household Cleaners",,,https://kapuafrica.com/wp-content/uploads/2022/02/Morning-Fresh-400g.jpeg,,,,,,,,,0,Pricing,"Base, Pamoja",1,1,193,,yes,classic-editor,type1,no,no,,,,,no,no,no,no,1,,,,,,,,,,,,
4670,variable,7659412302,"Fresh Fri Cooking Oil - 500Ml",1,0,visible,"Fresh Fri Cooking Oil - 500Ml","Fresh Fri Cooking Oil - 500Ml",,,taxable,,1,,,0,0,,,,,0,,,,Oil,,,https://kapuafrica.com/wp-content/uploads/2022/02/Fresh-Fri-500ml.jpeg,,,,,,,,,0,Pricing,"Base, Pamoja",1,1,194,,yes,classic-editor,type1,no,no,,,,,no,no,no,no,9,,,,,,,,,,,,
4671,variable,7409256198,"Ndhiwa Sugar - 2Kg",1,0,visible,"Ndhiwa Sugar - 2Kg","Ndhiwa Sugar - 2Kg",,,taxable,,1,,,0,0,,,,,0,,,,Sugar,,,https://kapuafrica.com/wp-content/uploads/2022/02/Ndhiwa-Suga-2kg-1.jpg,,,,,,,,,0,Pricing,"Base, Pamoja",1,1,195,,yes,classic-editor,type1,no,no,,,,,no,no,no,no,,,,,,,,,,,,,
4672,variable,8358465019,"Eden Tea Leaves - 100g",1,0,visible,"Eden Tea Leaves - 100g","Eden Tea Leaves - 100g",,,taxable,,1,,,0,0,,,,,0,,,,"Coffee &amp; Hot Chocolate, Tea",,,https://kapuafrica.com/wp-content/uploads/2022/02/Eden-Tea-leaves-100g.jpeg,,,,,,,,,0,Pricing,"Base, Pamoja",1,1,196,,yes,classic-editor,type1,no,no,,,,,no,no,no,no,3,,,,,,,,,,,,
4673,variable,4256742302,"Tuzo Whole Milk Fino - 500Ml",1,0,hidden,"Tuzo Whole Milk Fino - 500Ml","Tuzo Whole Milk Fino - 500Ml",,,taxable,,0,0,,0,0,,,,,0,,,,Milk,,,https://kapuafrica.com/wp-content/uploads/2022/02/Tuzo-whole-milk-500ml.jpg,,,,,,,,,0,Pricing,"Base, Pamoja",1,1,197,,yes,classic-editor,type1,no,no,,,,,no,no,no,no,0,,,,,,,,,,,,
4674,variable,1802755156,"Fahari Ya Kenya Tea - 50g",1,0,visible,"Fahari Ya Kenya Tea - 50g","Fahari Ya Kenya Tea - 50g",,,taxable,,1,,,0,0,,,,,0,,,,"Coffee &amp; Hot Chocolate, Tea",,,https://kapuafrica.com/wp-content/uploads/2022/02/Fahari-ya-Kenya-50g.jpeg,,,,,,,,,0,Pricing,"Base, Pamoja",1,1,198,,yes,classic-editor,type1,no,no,,,,,no,no,no,no,10,,,,,,,,,,,,
4675,variable,3894979507,"Cosmo Maize Flour - 2Kg",1,0,hidden,"Cosmo Maize Flour - 2Kg","Cosmo Maize Flour - 2Kg",,,taxable,,0,,,0,0,,,,,0,,,,Flours,,,https://kapuafrica.com/wp-content/uploads/2022/02/Cosmo-Maize-Flour-2kg.jpeg,,,,,,,,,0,Pricing,"Base, Pamoja",1,1,199,,yes,classic-editor,type1,no,no,,,,,no,no,no,no,0,,,,,,,,,,,,
4676,variable,2375754145,"Broadways White Bread - 400g",1,0,hidden,"Broadways White Bread - 400g","Broadways White Bread - 400g",,,taxable,,0,,,0,0,,,,,0,,,,"Bread &amp; Cereals",,,https://kapuafrica.com/wp-content/uploads/2022/02/Broadways-white-400g.jpeg,,,,,,,,,0,Pricing,"Base, Pamoja",1,1,200,,yes,classic-editor,type1,no,no,,,,,no,no,no,no,0,,,,,,,,,,,,
4677,variable,2483428663,"Sokoni Steel Wool Satchet - 20g",1,0,hidden,"Sokoni Steel Wool Satchet - 20g","Sokoni Steel Wool Satchet - 20g",,,taxable,,0,,,0,0,,,,,0,,,,"Household Cleaners",,,https://kapuafrica.com/wp-content/uploads/2022/02/Sokoni-steel-wool.jpg,,,,,,,,,0,Pricing,"Base, Pamoja",1,1,201,,yes,classic-editor,type1,no,no,,,,,no,no,no,no,1,,,,,,,,,,,,
4678,variable,3784884618,"Raha Premium Maize Flour - 2Kg",1,0,visible,"Raha Premium Maize Flour - 2Kg","Raha Premium Maize Flour - 2Kg",,,taxable,,1,,,0,0,,,,,0,,,,Flours,,,https://kapuafrica.com/wp-content/uploads/2022/02/Raha-premium-2kg.jpg,,,,,,,,,0,Pricing,"Base, Pamoja",1,1,202,,yes,classic-editor,type1,no,no,,,,,no,no,no,no,34,,,,,,,,,,,,
4679,variation,,"Kensalt - 2Kg - Base",1,0,visible,,,,,taxable,,1,16,,0,0,,,,,0,,,62,,,,,,,8423708679,,,,,,1,Pricing,Base,,1,219,,,,,,,,,,,,,,,,,591,yes,,no,,,,no,no,no,
4680,variation,,"Morning Fresh Paste Original - 400g - Base",1,0,visible,,,,,taxable,,1,24,,0,0,,,,,0,,,195,,,,,,,7971804536,,,,,,1,Pricing,Base,,1,217,,,,,,,,,,,,,,,,,582,yes,,no,,,,no,no,no,
4681,variation,,"Fresh Fri Cooking Oil - 500Ml - Base",1,0,visible,,,,,taxable,,1,24,,0,0,,,,,0,,,155,,,,,,,7659412302,,,,,,1,Pricing,Base,,1,218,,,,,,,,,,,,,,,,,582,yes,,no,,,,no,no,no,
4682,variation,,"Ndhiwa Sugar - 2Kg - Base",1,0,visible,,,,,taxable,,1,3,,0,0,,,,,0,,,250,,,,,,,7409256198,,,,,,1,Pricing,Base,,1,214,,,,,,,,,,,,,,,,,600,yes,,no,,,,no,no,no,
4683,variation,,"Eden Tea Leaves - 100g - Base",1,0,visible,,,,,taxable,,1,69,,0,0,,,,,0,,,43,,,,,,,8358465019,,,,,,1,Pricing,Base,,1,215,,,,,,,,,,,,,,,,,587,yes,,no,,,,no,no,no,
4684,variation,,"Tuzo Whole Milk Fino - 500Ml - Base",1,0,hidden,,,,,taxable,,0,0,,0,0,,,,,0,,,50,,,,,,,4256742302,,,,,,0,Pricing,Base,,1,216,,,,,,,,,,,,,,,,,0,yes,,,,,,,,,
4685,variation,,"Fahari Ya Kenya Tea - 50g - Base",1,0,visible,,,,,taxable,,1,193,,0,0,,,,,0,,,23,,,,,,,1802755156,,,,,,1,Pricing,Base,,1,212,,,,,,,,,,,,,,,,,588,yes,,no,,,,no,no,no,
4686,variation,,"Cosmo Maize Flour - 2Kg - Base",1,0,hidden,,,,,taxable,,0,0,,0,0,,,,,0,,,118,,,,,,,3894979507,,,,,,0,Pricing,Base,,1,213,,,,,,,,,,,,,,,,,0,yes,,,,,,,,,
4687,variation,,"Broadways White Bread - 400g - Base",1,0,hidden,,,,,taxable,,0,,,0,0,,,,,0,,,53,,,,,,,2375754145,,,,,,1,Pricing,Base,,1,209,,,,,,,,,,,,,,,,,596,yes,,no,,,,no,no,no,
4688,variation,,"Sokoni Steel Wool Satchet - 20g - Base",1,0,hidden,,,,,taxable,,0,0,,0,0,,,,,0,,,10,,,,,,,2483428663,,,,,,1,Pricing,Base,,1,210,,,,,,,,,,,,,,,,,503,yes,,no,,,,no,no,no,
4689,variation,,"Raha Premium Maize Flour - 2Kg - Base",1,0,visible,,,,,taxable,,1,21,,0,0,,,,,0,,,142,,,,,,,3784884618,,,,,,1,Pricing,Base,,1,211,,,,,,,,,,,,,,,,,594,yes,,no,,,,no,no,no,
4690,variation,,"Kensalt - 2Kg - Pamoja",1,0,visible,,,,,taxable,,1,14,,0,0,,,,,0,,,60,,,,,,,8423708679,,,,,,2,Pricing,Pamoja,,1,219,,,,,,,,,,,,,,,,,591,yes,,no,,,,no,no,no,
4691,variation,,"Morning Fresh Paste Original - 400g - Pamoja",1,0,visible,,,,,taxable,,1,23,,0,0,,,,,0,,,190,,,,,,,7971804536,,,,,,2,Pricing,Pamoja,,1,217,,,,,,,,,,,,,,,,,582,yes,,no,,,,no,no,no,
4692,variation,,"Fresh Fri Cooking Oil - 500Ml - Pamoja",1,0,visible,,,,,taxable,,1,24,,0,0,,,,,0,,,145,,,,,,,7659412302,,,,,,2,Pricing,Pamoja,,1,218,,,,,,,,,,,,,,,,,582,yes,,no,,,,no,no,no,
4693,variation,,"Ndhiwa Sugar - 2Kg - Pamoja",1,0,visible,,,,,taxable,,0,0,,0,0,,,,,0,,,245,,,,,,,7409256198,,,,,,2,Pricing,Pamoja,,1,214,,,,,,,,,,,,,,,,,600,yes,,no,,,,no,no,no,
4694,variation,,"Eden Tea Leaves - 100g - Pamoja",1,0,visible,,,,,taxable,,1,69,,0,0,,,,,0,,,41,,,,,,,8358465019,,,,,,2,Pricing,Pamoja,,1,215,,,,,,,,,,,,,,,,,587,yes,,no,,,,no,no,no,
4695,variation,,"Tuzo Whole Milk Fino - 500Ml - Pamoja",1,0,hidden,,,,,taxable,,0,,,0,0,,,,,0,,,47,,,,,,,4256742302,,,,,,0,Pricing,Pamoja,,1,216,,,,,,,,,,,,,,,,,,yes,,,,,,,,,
4696,variation,,"Fahari Ya Kenya Tea - 50g - Pamoja",1,0,visible,,,,,taxable,,1,177,,0,0,,,,,0,,,20,,,,,,,1802755156,,,,,,2,Pricing,Pamoja,,1,212,,,,,,,,,,,,,,,,,588,yes,,no,,,,no,no,no,
4697,variation,,"Cosmo Maize Flour - 2Kg - Pamoja",1,0,hidden,,,,,taxable,,0,,,0,0,,,,,0,,,116,,,,,,,3894979507,,,,,,0,Pricing,Pamoja,,1,213,,,,,,,,,,,,,,,,,,yes,,,,,,,,,
4699,variation,,"Broadways White Bread - 400g - Pamoja",1,0,hidden,,,,,taxable,,0,,,0,0,,,,,0,,,50,,,,,,,2375754145,,,,,,2,Pricing,Pamoja,,1,209,,,,,,,,,,,,,,,,,596,yes,,no,,,,no,no,no,
4701,variation,,"Sokoni Steel Wool Satchet - 20g - Pamoja",1,0,hidden,,,,,taxable,,0,,,0,0,,,,,0,,,9,,,,,,,2483428663,,,,,,2,Pricing,Pamoja,,1,210,,,,,,,,,,,,,,,,,503,yes,,no,,,,no,no,no,
4703,variation,,"Raha Premium Maize Flour - 2Kg - Pamoja",1,0,visible,,,,,taxable,,1,14,,0,0,,,,,0,,,141,,,,,,,3784884618,,,,,,2,Pricing,Pamoja,,1,211,,,,,,,,,,,,,,,,,594,yes,,no,,,,no,no,no,
5221,variable,8883940619,"Geisha Soap Moringa Oil - 125g",1,0,visible,"Geisha Soap Moringa Oil - 125g","Geisha Soap Moringa Oil - 125g",,,taxable,,1,34,,0,0,,,,,0,,,,Hygiene,,,https://kapuafrica.com/wp-content/uploads/2022/02/Geisha-Moringa-Oil.jpeg,,,,,,,,,0,Pricing,"Base, Pamoja",1,1,316,,yes,classic-editor,type1,no,no,,,,,no,no,no,no,5,,600,,,,,,,,,,
5222,variation,,"Geisha Soap Moringa Oil - 125g - Base",1,0,visible,,,,,taxable,,1,33,,0,0,,,,,0,,,71,,,,,,,8883940619,,,,,,1,Pricing,Base,,1,316,,,,,,,,,,,,,,,,,600,yes,,no,,3,,no,no,no,
5223,variation,,"Geisha Soap Moringa Oil - 125g - Pamoja",1,0,visible,,,,,taxable,,1,31,,0,0,,,,,0,,,69,,,,,,,8883940619,,,,,,2,Pricing,Pamoja,,1,316,,,,,,,,,,,,,,,,,600,yes,,no,,2,,no,no,no,
5625,variable,8940641769,"Afia Mango Fruit Drink - 300Ml",1,0,visible,"Afia Mango Fruit Drink - 300Ml","Afia Mango Fruit Drink - 300Ml",,,taxable,,1,,,0,0,,,,,0,,,,"Soft Drinks",,,,,,,,,,,,0,Pricing,"Base, Pamoja",1,1,,,yes,classic-editor,type1,no,no,,,,,no,no,no,no,,,,,,,,,,,,,
5626,variable,4259315701,"Afia Mango Fruit Drink - 500Ml",1,0,visible,"Afia Mango Fruit Drink - 500Ml","Afia Mango Fruit Drink - 500Ml",,,taxable,,1,,,0,0,,,,,0,,,,"Soft Drinks",,,,,,,,,,,,0,Pricing,"Base, Pamoja",1,1,,,yes,classic-editor,type1,no,no,,,,,no,no,no,no,,,,,,,,,,,,,
5627,variable,3429037686,"Afia Mango Fruit Drink - 1.5L",1,0,visible,"Afia Mango Fruit Drink - 1.5L","Afia Mango Fruit Drink - 1.5L",,,taxable,,1,,,0,0,,,,,0,,,,"Soft Drinks",,,,,,,,,,,,0,Pricing,"Base, Pamoja",1,1,,,yes,classic-editor,type1,no,no,,,,,no,no,no,no,,,,,,,,,,,,,
5628,variable,7101006135,"Afia Multi Vitamin Fruit Drink - 300Ml",1,0,visible,"Afia Multi Vitamin Fruit Drink - 300Ml","Afia Multi Vitamin Fruit Drink - 300Ml",,,taxable,,1,,,0,0,,,,,0,,,,"Soft Drinks",,,,,,,,,,,,0,Pricing,"Base, Pamoja",1,1,,,yes,classic-editor,type1,no,no,,,,,no,no,no,no,,,,,,,,,,,,,
5629,variable,9111539073,"Afia Multi Vitamin Fruit Drink - 500Ml",1,0,visible,"Afia Multi Vitamin Fruit Drink - 500Ml","Afia Multi Vitamin Fruit Drink - 500Ml",,,taxable,,1,,,0,0,,,,,0,,,,"Soft Drinks",,,,,,,,,,,,0,Pricing,"Base, Pamoja",1,1,,,yes,classic-editor,type1,no,no,,,,,no,no,no,no,,,,,,,,,,,,,
5630,variable,3199203563,"Afia Multi Vitamin Fruit Drink - 1.5L",1,0,visible,"Afia Multi Vitamin Fruit Drink - 1.5L","Afia Multi Vitamin Fruit Drink - 1.5L",,,taxable,,1,,,0,0,,,,,0,,,,"Soft Drinks",,,,,,,,,,,,0,Pricing,"Base, Pamoja",1,1,,,yes,classic-editor,type1,no,no,,,,,no,no,no,no,1,,,,,,,,,,,,
5631,variable,7798265949,"Jik Regular Bleach - 250Ml",1,0,visible,"Jik Regular Bleach - 250Ml","Jik Regular Bleach - 250Ml",,,taxable,,1,,,0,0,,,,,0,,,,"Household Cleaners",,,,,,,,,,,,0,Pricing,"Base, Pamoja",1,1,,,yes,classic-editor,type1,no,no,,,,,no,no,no,no,1,,,,,,,,,,,,
5632,variation,,"Afia Mango Fruit Drink - 300Ml - Base",1,0,visible,,,,,taxable,,1,,,0,0,,,,,0,,,24,,,,,,,8940641769,,,,,,1,Pricing,Base,,1,317,,,,,,,,,,,,,,,,,582,yes,,no,,,,no,no,no,
5633,variation,,"Afia Mango Fruit Drink - 500Ml - Base",1,0,visible,,,,,taxable,,1,,,0,0,,,,,0,,,34,,,,,,,4259315701,,,,,,1,Pricing,Base,,1,318,,,,,,,,,,,,,,,,,582,yes,,no,,,,no,no,no,
5634,variation,,"Afia Mango Fruit Drink - 1.5L - Base",1,0,visible,,,,,taxable,,1,,,0,0,,,,,0,,,73,,,,,,,3429037686,,,,,,1,Pricing,Base,,1,319,,,,,,,,,,,,,,,,,582,yes,,no,,,,no,no,no,
5635,variation,,"Afia Multi Vitamin Fruit Drink - 300Ml - Base",1,0,visible,,,,,taxable,,1,,,0,0,,,,,0,,,24,,,,,,,7101006135,,,,,,1,Pricing,Base,,1,320,,,,,,,,,,,,,,,,,582,yes,,no,,,,no,no,no,
5636,variation,,"Afia Multi Vitamin Fruit Drink - 500Ml - Base",1,0,visible,,,,,taxable,,1,,,0,0,,,,,0,,,34,,,,,,,9111539073,,,,,,1,Pricing,Base,,1,321,,,,,,,,,,,,,,,,,582,yes,,no,,,,no,no,no,
5637,variation,,"Afia Multi Vitamin Fruit Drink - 1.5L - Base",1,0,visible,,,,,taxable,,1,,,0,0,,,,,0,,,73,,,,,,,3199203563,,,,,,1,Pricing,Base,,1,322,,,,,,,,,,,,,,,,,598,yes,,no,,,,no,no,no,
5638,variation,,"Jik Regular Bleach - 250Ml - Base",1,0,visible,,,,,taxable,,1,,,0,0,,,,,0,,,99,,,,,,,7798265949,,,,,,1,Pricing,Base,,1,323,,,,,,,,,,,,,,,,,582,yes,,no,,,,no,no,no,
5639,variation,,"Afia Mango Fruit Drink - 300Ml - Pamoja",1,0,visible,,,,,taxable,,1,,,0,0,,,,,0,,,22,,,,,,,8940641769,,,,,,2,Pricing,Pamoja,,1,317,,,,,,,,,,,,,,,,,582,yes,,no,,,,no,no,no,
5640,variation,,"Afia Mango Fruit Drink - 500Ml - Pamoja",1,0,visible,,,,,taxable,,1,,,0,0,,,,,0,,,32,,,,,,,4259315701,,,,,,2,Pricing,Pamoja,,1,318,,,,,,,,,,,,,,,,,582,yes,,no,,,,no,no,no,
5641,variation,,"Afia Mango Fruit Drink - 1.5L - Pamoja",1,0,visible,,,,,taxable,,1,,,0,0,,,,,0,,,70,,,,,,,3429037686,,,,,,2,Pricing,Pamoja,,1,319,,,,,,,,,,,,,,,,,582,yes,,no,,,,no,no,no,
5642,variation,,"Afia Multi Vitamin Fruit Drink - 300Ml - Pamoja",1,0,visible,,,,,taxable,,1,,,0,0,,,,,0,,,22,,,,,,,7101006135,,,,,,2,Pricing,Pamoja,,1,320,,,,,,,,,,,,,,,,,582,yes,,no,,,,no,no,no,
5643,variation,,"Afia Multi Vitamin Fruit Drink - 500Ml - Pamoja",1,0,visible,,,,,taxable,,1,,,0,0,,,,,0,,,32,,,,,,,9111539073,,,,,,2,Pricing,Pamoja,,1,321,,,,,,,,,,,,,,,,,582,yes,,no,,,,no,no,no,
5644,variation,,"Afia Multi Vitamin Fruit Drink - 1.5L - Pamoja",1,0,visible,,,,,taxable,,1,,,0,0,,,,,0,,,70,,,,,,,3199203563,,,,,,2,Pricing,Pamoja,,1,322,,,,,,,,,,,,,,,,,598,yes,,no,,,,no,no,no,
5645,variation,,"Jik Regular Bleach - 250Ml - Pamoja",1,0,visible,,,,,taxable,,1,,,0,0,,,,,0,,,95,,,,,,,7798265949,,,,,,2,Pricing,Pamoja,,1,323,,,,,,,,,,,,,,,,,582,yes,,no,,,,no,no,no,
