ID,Title,Content,Excerpt,Date,"Post Type",Permalink,URL,Title,Caption,Description,"Alt Text",Featured,URL,"Commission Category",first_name,last_name,customer_registration,commission_category,assign_location,agent_phone,assign_user,profile_picture,_profile_picture,id_verification_front,_id_verification_front,id_verification_back,_id_verification_back,commission_payout,_commission_payout,gender,_gender,date_of_birth,_date_of_birth,agent_type,_agent_type,kiosk_nickname,_kiosk_nickname,location_coordinates,_location_coordinates,has_smartphone,_has_smartphone,uses_whatsapp_daily,_uses_whatsapp_daily,has_been_in_assigned_location_for_at_least_1_year,_has_been_in_assigned_location_for_at_least_1_year,has_a_fixed_space,_has_a_fixed_space,backup_contact_first_name,_backup_contact_first_name,backup_contact_last_name,_backup_contact_last_name,backup_contact_mobile_number,_backup_contact_mobile_number,id_verification_-_front,_id_verification_-_front,id_verification_-_back,_id_verification_-_back,assigned_location,_assigned_location,_wp_old_slug,_wp_trash_meta_status,_wp_trash_meta_time,_wp_desired_post_slug,Status,"Author ID","Author Username","Author Email","Author First Name","Author Last Name",Slug,Format,Template,Parent,"Parent Slug",Order,"Comment Status","Ping Status","Post Modified Date"
2738,"Justin Matara",,,"2021-12-14 12:08:44",agent,https://kapu.mystagingwebsite.com/agent/auto-draft/,,,,,,,,10%,Justin,Matara,yes,478,536,254718638033,,,,,,,,,,,,,,,,,,,,,,,,,,,,,,,,,,,,,,,,,,,,publish,58,MateusKratz,mateus@kapuafrica.com,Mateus,Kratz,auto-draft,,,0,0,0,closed,closed,"2021-12-14 12:08:44"
2739,"Ruth Wamboi",,,"2021-12-14 12:09:12",agent,https://kapu.mystagingwebsite.com/agent/auto-draft-4/,,,,,,,,10%,Ruth,Wamboi,yes,478,536,254748276178,,,,,,,,,,,,,,,,,,,,,,,,,,,,,,,,,,,,,,,,,,,,publish,58,MateusKratz,mateus@kapuafrica.com,Mateus,Kratz,auto-draft-4,,,0,0,0,closed,closed,"2021-12-14 12:09:12"
2740,"Polycarp [placeholder]",,,"2021-12-14 12:09:44",agent,https://kapu.mystagingwebsite.com/agent/auto-draft-5/,,,,,,,,10%,Polycarp,[placeholder],yes,478,536,254708968558,,,,,,,,,,,,,,,,,,,,,,,,,,,,,,,,,,,,,,,,,,,,publish,58,MateusKratz,mateus@kapuafrica.com,Mateus,Kratz,auto-draft-5,,,0,0,0,closed,closed,"2021-12-14 12:09:44"
2741,"David [placeholder]",,,"2021-12-14 12:10:29",agent,https://kapu.mystagingwebsite.com/agent/auto-draft-6/,,,,,,,,10%,David,[placeholder],yes,478,536,254707255121,,,,,,,,,,,,,,,,,,,,,,,,,,,,,,,,,,,,,,,,,,,,publish,58,MateusKratz,mateus@kapuafrica.com,Mateus,Kratz,auto-draft-6,,,0,0,0,closed,closed,"2021-12-14 12:10:29"
2742,"Simiyu [placeholder]",,,"2021-12-14 12:10:46",agent,https://kapu.mystagingwebsite.com/agent/auto-draft-7/,,,,,,,,10%,Simiyu,[placeholder],yes,478,536,254780766873,,,,,,,,,,,,,,,,,,,,,,,,,,,,,,,,,,,,,,,,,,,,publish,58,MateusKratz,mateus@kapuafrica.com,Mateus,Kratz,auto-draft-7,,,0,0,0,closed,closed,"2021-12-14 12:10:46"
2743,"Francis Wanjala",,,"2021-12-14 12:11:08",agent,https://kapu.mystagingwebsite.com/agent/auto-draft-8/,,,,,,,,10%,Francis,Wanjala,yes,478,536,254720458176,,,,,,,,,,,,,,,,,,,,,,,,,,,,,,,,,,,,,,,,,,,,publish,58,MateusKratz,mateus@kapuafrica.com,Mateus,Kratz,auto-draft-8,,,0,0,0,closed,closed,"2021-12-14 12:11:08"
2744,"Felista Mukasia",,,"2021-12-14 12:11:27",agent,https://kapu.mystagingwebsite.com/agent/auto-draft-9/,,,,,,,,10%,Felista,Mukasia,yes,478,536,254726786835,479,,,,,,,,,,,,,,,,,,,,,,,,,,,,,,,,,,,,,,,,,,,publish,58,MateusKratz,mateus@kapuafrica.com,Mateus,Kratz,auto-draft-9,,,0,0,0,closed,closed,"2022-01-26 08:34:50"
2745,"Nick [placeholder]",,,"2021-12-14 12:11:47",agent,https://kapu.mystagingwebsite.com/agent/auto-draft-10/,,,,,,,,10%,Nick,[placeholder],yes,478,536,254727108421,,,,,,,,,,,,,,,,,,,,,,,,,,,,,,,,,,,,,,,,,,,,publish,58,MateusKratz,mateus@kapuafrica.com,Mateus,Kratz,auto-draft-10,,,0,0,0,closed,closed,"2021-12-14 12:11:47"
2746,"Esther [placeholder]",,,"2021-12-14 12:12:23",agent,https://kapu.mystagingwebsite.com/agent/auto-draft-11/,,,,,,,,10%,Esther,[placeholder],yes,478,536,254723078976,,,,,,,,,,,,,,,,,,,,,,,,,,,,,,,,,,,,,,,,,,,,publish,58,MateusKratz,mateus@kapuafrica.com,Mateus,Kratz,auto-draft-11,,,0,0,0,closed,closed,"2021-12-14 12:12:23"
2747,"Daniel [placeholder]",,,"2021-12-14 12:12:38",agent,https://kapu.mystagingwebsite.com/agent/auto-draft-12/,,,,,,,,10%,Daniel,[placeholder],yes,478,536,254701043376,,,,,,,,,,,,,,,,,,,,,,,,,,,,,,,,,,,,,,,,,,,,publish,58,MateusKratz,mateus@kapuafrica.com,Mateus,Kratz,auto-draft-12,,,0,0,0,closed,closed,"2021-12-14 12:13:00"
2748,"Francisca [placeholder]",,,"2021-12-14 12:13:32",agent,https://kapu.mystagingwebsite.com/agent/auto-draft-13/,,,,,,,,10%,Francisca,[placeholder],yes,478,536,254724849918,,,,,,,,,,,,,,,,,,,,,,,,,,,,,,,,,,,,,,,,,,,,publish,58,MateusKratz,mateus@kapuafrica.com,Mateus,Kratz,auto-draft-13,,,0,0,0,closed,closed,"2021-12-14 12:13:33"
2749,"Pastor Martin [placeholder]",,,"2021-12-14 12:13:52",agent,https://kapu.mystagingwebsite.com/agent/auto-draft-14/,,,,,,,,10%,"Pastor Martin",[placeholder],yes,478,536,254724234815,,,,,,,,,,,,,,,,,,,,,,,,,,,,,,,,,,,,,,,,,,,,publish,58,MateusKratz,mateus@kapuafrica.com,Mateus,Kratz,auto-draft-14,,,0,0,0,closed,closed,"2022-01-21 09:18:18"
2751,"Mercy [placeholder]",,,"2021-12-14 12:15:43",agent,https://kapu.mystagingwebsite.com/agent/auto-draft-16/,,,,,,,,10%,Mercy,[placeholder],yes,478,536,254704092442,,,,,,,,,,,,,,,,,,,,,,,,,,,,,,,,,,,,,,,,,,,,publish,58,MateusKratz,mateus@kapuafrica.com,Mateus,Kratz,auto-draft-16,,,0,0,0,closed,closed,"2021-12-14 12:15:43"
2752,"Josphine Njeri",,,"2021-12-14 12:16:00",agent,https://kapu.mystagingwebsite.com/agent/auto-draft-17/,,,,,,,,10%,Josphine,Njeri,yes,478,536,254705801087,,,,,,,,,,,,,,,,,,,,,,,,,,,,,,,,,,,,,,,,,,,,publish,58,MateusKratz,mateus@kapuafrica.com,Mateus,Kratz,auto-draft-17,,,0,0,0,closed,closed,"2021-12-14 12:16:00"
2753,"Eunice Ondiek",,,"2021-12-14 12:16:18",agent,https://kapu.mystagingwebsite.com/agent/auto-draft-18/,,,,,,,,10%,Eunice,Ondiek,yes,478,536,254792715515,,,,,,,,,,,,,,,,,,,,,,,,,,,,,,,,,,,,,,,,,,,,publish,58,MateusKratz,mateus@kapuafrica.com,Mateus,Kratz,auto-draft-18,,,0,0,0,closed,closed,"2021-12-14 12:16:18"
2754,"Christine [placeholder]",,,"2021-12-14 12:16:39",agent,https://kapu.mystagingwebsite.com/agent/auto-draft-19/,,,,,,,,10%,Christine,[placeholder],yes,478,536,254728547273,,,,,,,,,,,,,,,,,,,,,,,,,,,,,,,,,,,,,,,,,,,,publish,58,MateusKratz,mateus@kapuafrica.com,Mateus,Kratz,auto-draft-19,,,0,0,0,closed,closed,"2021-12-14 12:16:39"
2755,"Jocybe [placeholder]",,,"2021-12-14 12:17:06",agent,https://kapu.mystagingwebsite.com/agent/auto-draft-20/,,,,,,,,10%,Jocybe,[placeholder],yes,478,536,254723463567,478,3503,field_61bb101fb4495,3503,field_61bb107091275,3503,field_61bb10bcaf28c,Daily,field_61bb69a4eb937,Female,field_61bb0f6bbb5a4,20220115,field_61bb11279181d,Kiosk,field_61bb11809181e,,field_61bb120623106,"-1.282600523842608, 36.748662791935004",field_61bb19c62486b,0,field_61bb1abfe8b1b,0,field_61bb1ae2e8b1c,0,field_61bb1affe8b1d,0,field_61bb1b17e8b1e,Test,field_61bb1b2ee8b1f,Test,field_61bb1b4be8b20,254702772009,field_61bb1b5fe8b21,,,,,,,,,,,publish,58,MateusKratz,mateus@kapuafrica.com,Mateus,Kratz,auto-draft-20,,,0,0,0,closed,closed,"2022-01-26 08:28:18"
2756,"Nancy Wanjiru",,,"2021-12-14 12:17:25",agent,https://kapu.mystagingwebsite.com/agent/auto-draft-21/,,,,,,,,10%,Nancy,Wanjiru,yes,478,536,254705325134,395,3503,field_61bb101fb4495,3503,field_61bb107091275,3503,field_61bb10bcaf28c,Daily,field_61bb69a4eb937,Male,field_61bb0f6bbb5a4,20100110,field_61bb11279181d,Individual,field_61bb11809181e,,field_61bb120623106,"-1.283210 36.821350",field_61bb19c62486b,0,field_61bb1abfe8b1b,0,field_61bb1ae2e8b1c,0,field_61bb1affe8b1d,0,field_61bb1b17e8b1e,Jim,field_61bb1b2ee8b1f,Jones,field_61bb1b4be8b20,270817679571,field_61bb1b5fe8b21,,,,,,,,,,,publish,58,MateusKratz,mateus@kapuafrica.com,Mateus,Kratz,auto-draft-21,,,0,0,0,closed,closed,"2022-01-17 14:58:29"
2757,"Hafsa Ali",,,"2021-12-14 12:17:44",agent,https://kapu.mystagingwebsite.com/agent/auto-draft-22/,,,,,,,,10%,Hafsa,Ali,yes,478,536,254707672657,394,3503,field_61bb101fb4495,3503,field_61bb107091275,3503,field_61bb10bcaf28c,Daily,field_61bb69a4eb937,Male,field_61bb0f6bbb5a4,20100110,field_61bb11279181d,Individual,field_61bb11809181e,,field_61bb120623106,"-1.283210 36.821350",field_61bb19c62486b,0,field_61bb1abfe8b1b,0,field_61bb1ae2e8b1c,0,field_61bb1affe8b1d,0,field_61bb1b17e8b1e,Jim,field_61bb1b2ee8b1f,Jones,field_61bb1b4be8b20,270817679571,field_61bb1b5fe8b21,,,,,,,,,,,publish,58,MateusKratz,mateus@kapuafrica.com,Mateus,Kratz,auto-draft-22,,,0,0,0,closed,closed,"2022-01-17 14:56:44"
2758,"Kepha Mwangi",,,"2021-12-14 12:18:01",agent,https://kapu.mystagingwebsite.com/agent/auto-draft-23/,,,,,,,,10%,Kepha,Mwangi,yes,478,536,254724833161,393,3503,field_61bb101fb4495,3503,field_61bb107091275,3503,field_61bb10bcaf28c,Daily,field_61bb69a4eb937,Male,field_61bb0f6bbb5a4,20100110,field_61bb11279181d,Individual,field_61bb11809181e,,field_61bb120623106,"-1.283210 36.821350",field_61bb19c62486b,0,field_61bb1abfe8b1b,0,field_61bb1ae2e8b1c,0,field_61bb1affe8b1d,0,field_61bb1b17e8b1e,Jim,field_61bb1b2ee8b1f,Jones,field_61bb1b4be8b20,270817679571,field_61bb1b5fe8b21,,,,,,,,,,,publish,58,MateusKratz,mateus@kapuafrica.com,Mateus,Kratz,auto-draft-23,,,0,0,0,closed,closed,"2022-01-17 14:55:00"
2759,"Beatrice Njeri",,,"2021-12-14 12:18:20",agent,https://kapu.mystagingwebsite.com/agent/auto-draft-24/,,,,,,,,10%,Beatrice,Njeri,yes,478,536,254797045916,392,3503,field_61bb101fb4495,3503,field_61bb107091275,3503,field_61bb10bcaf28c,Daily,field_61bb69a4eb937,Male,field_61bb0f6bbb5a4,20100110,field_61bb11279181d,Individual,field_61bb11809181e,,field_61bb120623106,"-1.283210 36.821350",field_61bb19c62486b,0,field_61bb1abfe8b1b,0,field_61bb1ae2e8b1c,0,field_61bb1affe8b1d,0,field_61bb1b17e8b1e,Jim,field_61bb1b2ee8b1f,Jones,field_61bb1b4be8b20,270817679571,field_61bb1b5fe8b21,,,,,,,,,,,publish,58,MateusKratz,mateus@kapuafrica.com,Mateus,Kratz,auto-draft-24,,,0,0,0,closed,closed,"2022-01-17 14:52:49"
2760,"Catherine Mueni",,,"2021-12-14 12:18:35",agent,https://kapu.mystagingwebsite.com/agent/auto-draft-25/,,,,,,,,10%,Catherine,Mueni,yes,478,536,254713384975,390,3503,field_61bb101fb4495,3503,field_61bb107091275,3503,field_61bb10bcaf28c,Daily,field_61bb69a4eb937,Male,field_61bb0f6bbb5a4,20100110,field_61bb11279181d,Individual,field_61bb11809181e,,field_61bb120623106,"-1.283210 36.821350",field_61bb19c62486b,0,field_61bb1abfe8b1b,0,field_61bb1ae2e8b1c,0,field_61bb1affe8b1d,0,field_61bb1b17e8b1e,Jim,field_61bb1b2ee8b1f,Jones,field_61bb1b4be8b20,270817679571,field_61bb1b5fe8b21,,,,,,,,,,,publish,58,MateusKratz,mateus@kapuafrica.com,Mateus,Kratz,auto-draft-25,,,0,0,0,closed,closed,"2022-01-17 14:50:54"
2761,"Immah Minoo",,,"2021-12-14 12:19:06",agent,https://kapu.mystagingwebsite.com/agent/auto-draft-26/,,,,,,,,10%,Immah,Minoo,yes,478,536,254718809514,389,3503,field_61bb101fb4495,3503,field_61bb107091275,3503,field_61bb10bcaf28c,Daily,field_61bb69a4eb937,Male,field_61bb0f6bbb5a4,20100110,field_61bb11279181d,Individual,field_61bb11809181e,,field_61bb120623106,"-1.283210 36.821350",field_61bb19c62486b,0,field_61bb1abfe8b1b,0,field_61bb1ae2e8b1c,0,field_61bb1affe8b1d,0,field_61bb1b17e8b1e,Jim,field_61bb1b2ee8b1f,Jones,field_61bb1b4be8b20,270817679571,field_61bb1b5fe8b21,,,,,,,,,,,publish,58,MateusKratz,mateus@kapuafrica.com,Mateus,Kratz,auto-draft-26,,,0,0,0,closed,closed,"2022-01-17 14:48:54"
2762,"Peter Momanyi",,,"2021-12-14 12:19:21",agent,https://kapu.mystagingwebsite.com/agent/auto-draft-27/,,,,,,,,10%,Peter,Momanyi,yes,478,536,254712350360,383,3503,field_61bb101fb4495,3503,field_61bb107091275,3503,field_61bb10bcaf28c,Daily,field_61bb69a4eb937,Male,field_61bb0f6bbb5a4,20100110,field_61bb11279181d,Individual,field_61bb11809181e,,field_61bb120623106,"-1.283210 36.821350",field_61bb19c62486b,0,field_61bb1abfe8b1b,0,field_61bb1ae2e8b1c,0,field_61bb1affe8b1d,0,field_61bb1b17e8b1e,Jim,field_61bb1b2ee8b1f,Jones,field_61bb1b4be8b20,270817679571,field_61bb1b5fe8b21,,,,,,,,,,,publish,58,MateusKratz,mateus@kapuafrica.com,Mateus,Kratz,auto-draft-27,,,0,0,0,closed,closed,"2022-01-16 15:24:37"
2763,"Sarah Mkabana",,,"2021-12-14 12:19:36",agent,https://kapu.mystagingwebsite.com/agent/auto-draft-28/,,,,,,,,10%,Sarah,Mkabana,yes,478,536,254724440025,382,3503,field_61bb101fb4495,3503,field_61bb107091275,3503,field_61bb10bcaf28c,Daily,field_61bb69a4eb937,Male,field_61bb0f6bbb5a4,20100110,field_61bb11279181d,Kiosk,field_61bb11809181e,,field_61bb120623106,"-1.283210 36.821350",field_61bb19c62486b,0,field_61bb1abfe8b1b,0,field_61bb1ae2e8b1c,0,field_61bb1affe8b1d,0,field_61bb1b17e8b1e,Jim,field_61bb1b2ee8b1f,Jones,field_61bb1b4be8b20,270817679571,field_61bb1b5fe8b21,,,,,,,,,,,publish,58,MateusKratz,mateus@kapuafrica.com,Mateus,Kratz,auto-draft-28,,,0,0,0,closed,closed,"2022-01-19 16:22:55"
2764,"Rose Akoth",,,"2021-12-14 12:19:56",agent,https://kapu.mystagingwebsite.com/agent/auto-draft-29/,,,,,,,,10%,Rose,Akoth,yes,478,536,254723944867,378,3503,field_61bb101fb4495,3503,field_61bb107091275,3503,field_61bb10bcaf28c,Daily,field_61bb69a4eb937,Male,field_61bb0f6bbb5a4,20100110,field_61bb11279181d,Individual,field_61bb11809181e,,field_61bb120623106,"-1.283210 36.821350",field_61bb19c62486b,0,field_61bb1abfe8b1b,0,field_61bb1ae2e8b1c,0,field_61bb1affe8b1d,0,field_61bb1b17e8b1e,Jim,field_61bb1b2ee8b1f,Jones,field_61bb1b4be8b20,270817679571,field_61bb1b5fe8b21,,,,,,,,,,,publish,58,MateusKratz,mateus@kapuafrica.com,Mateus,Kratz,auto-draft-29,,,0,0,0,closed,closed,"2022-01-15 20:18:30"
2765,"Veronicah Paul",,,"2021-12-14 12:20:21",agent,https://kapu.mystagingwebsite.com/agent/auto-draft-30/,,,,,,,,10%,Veronicah,Paul,yes,478,536,254792517743,377,3503,field_61bb101fb4495,3503,field_61bb107091275,3503,field_61bb10bcaf28c,Daily,field_61bb69a4eb937,Male,field_61bb0f6bbb5a4,20100110,field_61bb11279181d,Individual,field_61bb11809181e,,field_61bb120623106,"-1.283210 36.821350",field_61bb19c62486b,0,field_61bb1abfe8b1b,0,field_61bb1ae2e8b1c,0,field_61bb1affe8b1d,0,field_61bb1b17e8b1e,Jim,field_61bb1b2ee8b1f,Jones,field_61bb1b4be8b20,270817679571,field_61bb1b5fe8b21,,,,,,,,,,,publish,58,MateusKratz,mateus@kapuafrica.com,Mateus,Kratz,auto-draft-30,,,0,0,0,closed,closed,"2022-01-15 20:16:42"
2766,"Lucy Murunyu",,,"2021-12-14 12:20:39",agent,https://kapu.mystagingwebsite.com/agent/auto-draft-31/,,,,,,,,10%,Lucy,Murunyu,yes,478,536,254722889292,376,3503,field_61bb101fb4495,3503,field_61bb107091275,3503,field_61bb10bcaf28c,Daily,field_61bb69a4eb937,Male,field_61bb0f6bbb5a4,20100110,field_61bb11279181d,Individual,field_61bb11809181e,,field_61bb120623106,"-1.283210 36.821350",field_61bb19c62486b,0,field_61bb1abfe8b1b,0,field_61bb1ae2e8b1c,0,field_61bb1affe8b1d,0,field_61bb1b17e8b1e,Jim,field_61bb1b2ee8b1f,Jones,field_61bb1b4be8b20,270817679571,field_61bb1b5fe8b21,,,,,,,,,,,publish,58,MateusKratz,mateus@kapuafrica.com,Mateus,Kratz,auto-draft-31,,,0,0,0,closed,closed,"2022-01-15 20:12:42"
2767,"Sarah Chege",,,"2021-12-14 12:20:57",agent,https://kapu.mystagingwebsite.com/agent/auto-draft-32/,,,,,,,,10%,Sarah,Chege,yes,478,536,254727851513,375,3503,field_61bb101fb4495,3503,field_61bb107091275,3503,field_61bb10bcaf28c,Daily,field_61bb69a4eb937,Male,field_61bb0f6bbb5a4,20100110,field_61bb11279181d,Individual,field_61bb11809181e,,field_61bb120623106,"-1.283210 36.821350",field_61bb19c62486b,0,field_61bb1abfe8b1b,0,field_61bb1ae2e8b1c,0,field_61bb1affe8b1d,0,field_61bb1b17e8b1e,Jim,field_61bb1b2ee8b1f,Jones,field_61bb1b4be8b20,270817679571,field_61bb1b5fe8b21,,,,,,,,,,,publish,58,MateusKratz,mateus@kapuafrica.com,Mateus,Kratz,auto-draft-32,,,0,0,0,closed,closed,"2022-01-15 20:10:02"
2768,"Peter Wangwe",,,"2021-12-14 12:21:14",agent,https://kapu.mystagingwebsite.com/agent/auto-draft-33/,,,,,,,,10%,Peter,Wangwe,yes,478,536,254796883590,374,3503,field_61bb101fb4495,3503,field_61bb107091275,3503,field_61bb10bcaf28c,Daily,field_61bb69a4eb937,Male,field_61bb0f6bbb5a4,20100110,field_61bb11279181d,Individual,field_61bb11809181e,,field_61bb120623106,"-1.283210 36.821350",field_61bb19c62486b,0,field_61bb1abfe8b1b,0,field_61bb1ae2e8b1c,0,field_61bb1affe8b1d,0,field_61bb1b17e8b1e,Jim,field_61bb1b2ee8b1f,Jones,field_61bb1b4be8b20,270817679571,field_61bb1b5fe8b21,,,,,,,,,,,publish,58,MateusKratz,mateus@kapuafrica.com,Mateus,Kratz,auto-draft-33,,,0,0,0,closed,closed,"2022-01-15 20:06:23"
2769,"Loghan [placeholder]",,,"2021-12-14 12:21:34",agent,https://kapu.mystagingwebsite.com/agent/auto-draft-34/,,,,,,,,10%,Loghan,[placeholder],yes,478,536,254700188583,373,3503,field_61bb101fb4495,3503,field_61bb107091275,3503,field_61bb10bcaf28c,Daily,field_61bb69a4eb937,Male,field_61bb0f6bbb5a4,20100110,field_61bb11279181d,Individual,field_61bb11809181e,,field_61bb120623106,"-1.283210 36.821350",field_61bb19c62486b,0,field_61bb1abfe8b1b,0,field_61bb1ae2e8b1c,0,field_61bb1affe8b1d,0,field_61bb1b17e8b1e,Jim,field_61bb1b2ee8b1f,Jones,field_61bb1b4be8b20,270817679571,field_61bb1b5fe8b21,,,,,,,,,,,publish,58,MateusKratz,mateus@kapuafrica.com,Mateus,Kratz,auto-draft-34,,,0,0,0,closed,closed,"2022-01-15 20:00:57"
2770,"Kabitha Wanjiku",,,"2021-12-14 12:21:51",agent,https://kapu.mystagingwebsite.com/agent/auto-draft-35/,,,,,,,,10%,Kabitha,Wanjiku,yes,478,536,254728455014,372,3503,field_61bb101fb4495,3503,field_61bb107091275,3503,field_61bb10bcaf28c,Daily,field_61bb69a4eb937,Male,field_61bb0f6bbb5a4,20100110,field_61bb11279181d,Individual,field_61bb11809181e,,field_61bb120623106,"-1.283210 36.821350",field_61bb19c62486b,0,field_61bb1abfe8b1b,0,field_61bb1ae2e8b1c,0,field_61bb1affe8b1d,0,field_61bb1b17e8b1e,Jim,field_61bb1b2ee8b1f,Jones,field_61bb1b4be8b20,270817679571,field_61bb1b5fe8b21,,,,,,,,,,,publish,58,MateusKratz,mateus@kapuafrica.com,Mateus,Kratz,auto-draft-35,,,0,0,0,closed,closed,"2022-01-15 19:59:22"
2771,"Grace Saloon",,,"2021-12-14 12:22:07",agent,https://kapu.mystagingwebsite.com/agent/auto-draft-36/,,,,,,,,10%,Grace,Saloon,yes,478,536,254729848968,371,3503,field_61bb101fb4495,3503,field_61bb107091275,3503,field_61bb10bcaf28c,Daily,field_61bb69a4eb937,Male,field_61bb0f6bbb5a4,20100110,field_61bb11279181d,Individual,field_61bb11809181e,,field_61bb120623106,"-1.283210 36.821350",field_61bb19c62486b,0,field_61bb1abfe8b1b,0,field_61bb1ae2e8b1c,0,field_61bb1affe8b1d,0,field_61bb1b17e8b1e,Jim,field_61bb1b2ee8b1f,Jones,field_61bb1b4be8b20,270817679571,field_61bb1b5fe8b21,,,,,,,,,,,publish,58,MateusKratz,mateus@kapuafrica.com,Mateus,Kratz,auto-draft-36,,,0,0,0,closed,closed,"2022-01-15 19:57:24"
2772,"Josphine Ondiek",,,"2021-12-14 12:22:23",agent,https://kapu.mystagingwebsite.com/agent/auto-draft-37/,,,,,,,,10%,Josphine,Ondiek,yes,478,536,254727605937,370,3503,field_61bb101fb4495,3503,field_61bb107091275,3503,field_61bb10bcaf28c,Daily,field_61bb69a4eb937,Male,field_61bb0f6bbb5a4,20100110,field_61bb11279181d,Individual,field_61bb11809181e,,field_61bb120623106,"-1.283210 36.821350",field_61bb19c62486b,0,field_61bb1abfe8b1b,0,field_61bb1ae2e8b1c,0,field_61bb1affe8b1d,0,field_61bb1b17e8b1e,Jim,field_61bb1b2ee8b1f,Jones,field_61bb1b4be8b20,270817679571,field_61bb1b5fe8b21,,,,,,,,,,,publish,58,MateusKratz,mateus@kapuafrica.com,Mateus,Kratz,auto-draft-37,,,0,0,0,closed,closed,"2022-01-15 19:55:20"
2773,"Phoebe Kamau",,,"2021-12-14 12:22:49",agent,https://kapu.mystagingwebsite.com/agent/auto-draft-38/,,,,,,,,10%,Phoebe,Kamau,yes,478,536,254712858599,369,3503,field_61bb101fb4495,3503,field_61bb107091275,3503,field_61bb10bcaf28c,Daily,field_61bb69a4eb937,Male,field_61bb0f6bbb5a4,20100110,field_61bb11279181d,Individual,field_61bb11809181e,,field_61bb120623106,"-1.283210 36.821350",field_61bb19c62486b,0,field_61bb1abfe8b1b,0,field_61bb1ae2e8b1c,0,field_61bb1affe8b1d,0,field_61bb1b17e8b1e,Jim,field_61bb1b2ee8b1f,Jones,field_61bb1b4be8b20,270817679571,field_61bb1b5fe8b21,,,,,,,,,,,publish,58,MateusKratz,mateus@kapuafrica.com,Mateus,Kratz,auto-draft-38,,,0,0,0,closed,closed,"2022-01-15 19:52:24"
2775,"Zawadi [placeholder]",,,"2021-12-14 12:23:21",agent,https://kapu.mystagingwebsite.com/agent/auto-draft-40/,,,,,,,,10%,Zawadi,[placeholder],yes,478,536,254713459395,368,3503,field_61bb101fb4495,3503,field_61bb107091275,3503,field_61bb10bcaf28c,Daily,field_61bb69a4eb937,Male,field_61bb0f6bbb5a4,20100110,field_61bb11279181d,Individual,field_61bb11809181e,,field_61bb120623106,"-1.283210 36.821350",field_61bb19c62486b,0,field_61bb1abfe8b1b,0,field_61bb1ae2e8b1c,0,field_61bb1affe8b1d,0,field_61bb1b17e8b1e,Jim,field_61bb1b2ee8b1f,Jones,field_61bb1b4be8b20,270817679571,field_61bb1b5fe8b21,,,,,,,,,,,publish,58,MateusKratz,mateus@kapuafrica.com,Mateus,Kratz,auto-draft-40,,,0,0,0,closed,closed,"2022-01-15 19:49:16"
2776,"Ann Wanjiku",,,"2021-12-14 12:23:38",agent,https://kapu.mystagingwebsite.com/agent/auto-draft-41/,,,,,,,,10%,Ann,Wanjiku,yes,478,536,254720446858,367,3503,field_61bb101fb4495,3503,field_61bb107091275,3503,field_61bb10bcaf28c,Daily,field_61bb69a4eb937,Male,field_61bb0f6bbb5a4,20100110,field_61bb11279181d,Individual,field_61bb11809181e,,field_61bb120623106,"-1.283210 36.821350",field_61bb19c62486b,0,field_61bb1abfe8b1b,0,field_61bb1ae2e8b1c,0,field_61bb1affe8b1d,0,field_61bb1b17e8b1e,Jim,field_61bb1b2ee8b1f,Jones,field_61bb1b4be8b20,270817679571,field_61bb1b5fe8b21,,,,,,,,,,,publish,58,MateusKratz,mateus@kapuafrica.com,Mateus,Kratz,auto-draft-41,,,0,0,0,closed,closed,"2022-01-15 19:47:19"
2777,"Fatuma Wangeci",,,"2021-12-14 12:23:54",agent,https://kapu.mystagingwebsite.com/agent/auto-draft-42/,,,,,,,,10%,Fatuma,Wangeci,yes,478,536,254726824853,366,3503,field_61bb101fb4495,3503,field_61bb107091275,3503,field_61bb10bcaf28c,Daily,field_61bb69a4eb937,Male,field_61bb0f6bbb5a4,20100110,field_61bb11279181d,Individual,field_61bb11809181e,,field_61bb120623106,"-1.283210 36.821350",field_61bb19c62486b,0,field_61bb1abfe8b1b,0,field_61bb1ae2e8b1c,0,field_61bb1affe8b1d,0,field_61bb1b17e8b1e,Jim,field_61bb1b2ee8b1f,Jones,field_61bb1b4be8b20,270817679571,field_61bb1b5fe8b21,,,,,,,,,,,publish,58,MateusKratz,mateus@kapuafrica.com,Mateus,Kratz,auto-draft-42,,,0,0,0,closed,closed,"2022-01-15 19:45:28"
2778,"Dominic Musyoka",,,"2021-12-14 12:24:14",agent,https://kapu.mystagingwebsite.com/agent/auto-draft-43/,,,,,,,,10%,Dominic,Musyoka,yes,478,536,254700787612,365,3503,field_61bb101fb4495,3503,field_61bb107091275,3503,field_61bb10bcaf28c,Daily,field_61bb69a4eb937,Male,field_61bb0f6bbb5a4,20100110,field_61bb11279181d,Individual,field_61bb11809181e,,field_61bb120623106,"-1.283210 36.821350",field_61bb19c62486b,0,field_61bb1abfe8b1b,0,field_61bb1ae2e8b1c,0,field_61bb1affe8b1d,0,field_61bb1b17e8b1e,Jim,field_61bb1b2ee8b1f,Jones,field_61bb1b4be8b20,270817679571,field_61bb1b5fe8b21,,,,,,,,,,,publish,58,MateusKratz,mateus@kapuafrica.com,Mateus,Kratz,auto-draft-43,,,0,0,0,closed,closed,"2022-01-15 19:41:41"
2779,"Benson Muchiri",,,"2021-12-14 12:24:30",agent,https://kapu.mystagingwebsite.com/agent/auto-draft-44/,,,,,,,,10%,Benson,Muchiri,yes,478,536,254714819290,364,3503,field_61bb101fb4495,3503,field_61bb107091275,3503,field_61bb10bcaf28c,Daily,field_61bb69a4eb937,Male,field_61bb0f6bbb5a4,20100110,field_61bb11279181d,Individual,field_61bb11809181e,,field_61bb120623106,"-1.283210 36.821350",field_61bb19c62486b,0,field_61bb1abfe8b1b,0,field_61bb1ae2e8b1c,0,field_61bb1affe8b1d,0,field_61bb1b17e8b1e,Jim,field_61bb1b2ee8b1f,Jones,field_61bb1b4be8b20,270817679571,field_61bb1b5fe8b21,,,,,,,,,,,publish,58,MateusKratz,mateus@kapuafrica.com,Mateus,Kratz,auto-draft-44,,,0,0,0,closed,closed,"2022-01-15 19:39:43"
2781,"Maurice [placeholder]",,,"2021-12-14 12:25:28",agent,https://kapu.mystagingwebsite.com/agent/auto-draft-46/,,,,,,,,10%,Maurice,[placeholder],yes,478,536,254114634548,362,3503,field_61bb101fb4495,3503,field_61bb107091275,3503,field_61bb10bcaf28c,Daily,field_61bb69a4eb937,Male,field_61bb0f6bbb5a4,20100110,field_61bb11279181d,Individual,field_61bb11809181e,,field_61bb120623106,"-1.283210 36.821350",field_61bb19c62486b,0,field_61bb1abfe8b1b,0,field_61bb1ae2e8b1c,0,field_61bb1affe8b1d,0,field_61bb1b17e8b1e,Jim,field_61bb1b2ee8b1f,Jones,field_61bb1b4be8b20,270817679571,field_61bb1b5fe8b21,,,,,,,,,,,publish,58,MateusKratz,mateus@kapuafrica.com,Mateus,Kratz,auto-draft-46,,,0,0,0,closed,closed,"2022-01-15 19:32:21"
2782,"Tobias [placeholder]",,,"2021-12-14 12:25:45",agent,https://kapu.mystagingwebsite.com/agent/auto-draft-47/,,,,,,,,10%,Bob,Marley,yes,478,544," 230338202033",,2369,,2369,,2369,,Weekly,,man,,11/12/2021,,Shop,,Rastashop,,"0.1768696 37.9083264",,1,,0,,1,,0,,Homer,,Simpson,," 2484839293",,,,,,,,,,,,publish,58,MateusKratz,mateus@kapuafrica.com,Mateus,Kratz,auto-draft-47,,,0,0,0,closed,closed,"2021-12-28 12:20:05"
2783,"Mama Atieno",,,"2021-12-14 12:26:20",agent,https://kapu.mystagingwebsite.com/agent/auto-draft-48/,https://kapu.mystagingwebsite.com/wp-content/uploads/2021/11/kunde.png|https://kapu.mystagingwebsite.com/wp-content/uploads/2021/11/FahariYaKenya_a4346ed4-6e01-4db4-86ee-5638a376a8cc_1024x1024.png|https://kapu.mystagingwebsite.com/wp-content/uploads/2021/11/ArimisMilkingJelly200g_1024x1024.png,"kunde|Fahari Ya Kenya Tea|ArimisMilkingJelly200g_1024x1024",||,||,||,,,10%,Mama,Atieno,yes,478,536,254753292352,,2366,field_61bb101fb4495,2367,field_61bb107091275,2194,field_61bb10bcaf28c,Daily,field_61bb69a4eb937,Male,field_61bb0f6bbb5a4,20211208,field_61bb11279181d,Kibanda,field_61bb11809181e,Nick,field_61bb120623106,"0.1768696 37.9083264",field_61bb19c62486b,1,field_61bb1abfe8b1b,1,field_61bb1ae2e8b1c,1,field_61bb1affe8b1d,1,field_61bb1b17e8b1e,"Back name",field_61bb1b2ee8b1f,"Back Last",field_61bb1b4be8b20,029208282793,field_61bb1b5fe8b21,2367,field_61bb107091275,2194,field_61bb10bcaf28c,499,field_61bb193b23107,,,,,publish,58,MateusKratz,mateus@kapuafrica.com,Mateus,Kratz,auto-draft-48,,,0,0,0,closed,closed,"2022-01-21 09:14:59"
2861,"Oleh Demchenko",,,"2021-12-16 12:37:23",agent,https://kapu.mystagingwebsite.com/agent/oleh-demchenko/,,,,,,,,10%,Oleh,Demchenko,yes,478,536,380631571253,171,,,,,,,,,,,,,,,,,,,,,,,,,,,,,,,,,,,,,,,,,,,publish,171,380631571253,,Oleh,Demchenko,oleh-demchenko,,,0,0,0,closed,closed,"2022-01-15 16:04:11"
2889,"Abraham [placeholder]",,,"2021-12-16 19:16:15",agent,https://kapu.mystagingwebsite.com/agent/auto-draft-49/,,,,,,,,10%,Abraham,[placeholder],yes,478,536,254769548372,361,3503,field_61bb101fb4495,3503,field_61bb107091275,3503,field_61bb10bcaf28c,Daily,field_61bb69a4eb937,Male,field_61bb0f6bbb5a4,20100110,field_61bb11279181d,Individual,field_61bb11809181e,,field_61bb120623106,"-1.283210 36.821350",field_61bb19c62486b,0,field_61bb1abfe8b1b,0,field_61bb1ae2e8b1c,0,field_61bb1affe8b1d,0,field_61bb1b17e8b1e,Jim,field_61bb1b2ee8b1f,Jones,field_61bb1b4be8b20,270817679571,field_61bb1b5fe8b21,,,,,,,,,,,publish,58,MateusKratz,mateus@kapuafrica.com,Mateus,Kratz,auto-draft-49,,,0,0,0,closed,closed,"2022-01-15 19:29:32"
2942,"Teresa Wanjiku",,,"2021-12-20 11:59:29",agent,https://kapu.mystagingwebsite.com/agent/auto-draft-52/,,,,,,,,10%,Teresa,Wanjiku,yes,478,536,254712819476,360,3503,field_61bb101fb4495,3503,field_61bb107091275,3503,field_61bb10bcaf28c,Daily,field_61bb69a4eb937,Male,field_61bb0f6bbb5a4,20100110,field_61bb11279181d,Individual,field_61bb11809181e,,field_61bb120623106,"-1.283210 36.821350",field_61bb19c62486b,0,field_61bb1abfe8b1b,0,field_61bb1ae2e8b1c,0,field_61bb1affe8b1d,0,field_61bb1b17e8b1e,Jim,field_61bb1b2ee8b1f,Jones,field_61bb1b4be8b20,270817679571,field_61bb1b5fe8b21,,,,,,,,,,,publish,259,Meera_Shah,meera@kapuafrica.com,Meera,Shah,auto-draft-52,,,0,0,0,closed,closed,"2022-01-15 19:24:30"
2943,"Doreen Gitonga",,,"2021-12-20 12:00:26",agent,https://kapu.mystagingwebsite.com/agent/auto-draft-53/,,,,,,,,10%,Doreen,Gitonga,yes,478,536,254711560011,359,3503,field_61bb101fb4495,3503,field_61bb107091275,3503,field_61bb10bcaf28c,Daily,field_61bb69a4eb937,Male,field_61bb0f6bbb5a4,20100110,field_61bb11279181d,Individual,field_61bb11809181e,,field_61bb120623106,"-1.283210 36.821350",field_61bb19c62486b,0,field_61bb1abfe8b1b,0,field_61bb1ae2e8b1c,0,field_61bb1affe8b1d,0,field_61bb1b17e8b1e,Jim,field_61bb1b2ee8b1f,Jones,field_61bb1b4be8b20,270817679571,field_61bb1b5fe8b21,,,,,,,,,,,publish,259,Meera_Shah,meera@kapuafrica.com,Meera,Shah,auto-draft-53,,,0,0,0,closed,closed,"2022-01-15 19:19:25"
2944,"Shadrack Muthenya",,,"2021-12-20 12:01:13",agent,https://kapu.mystagingwebsite.com/agent/auto-draft-54/,,,,,,,,10%,Shadrack,Muthenya,yes,478,536,254710947632,357,3503,field_61bb101fb4495,3503,field_61bb107091275,3503,field_61bb10bcaf28c,Daily,field_61bb69a4eb937,Male,field_61bb0f6bbb5a4,20100110,field_61bb11279181d,Individual,field_61bb11809181e,,field_61bb120623106,"-1.283210 36.821350",field_61bb19c62486b,0,field_61bb1abfe8b1b,0,field_61bb1ae2e8b1c,0,field_61bb1affe8b1d,0,field_61bb1b17e8b1e,Jim,field_61bb1b2ee8b1f,Jones,field_61bb1b4be8b20,270817679571,field_61bb1b5fe8b21,,,,,,,,,,,publish,259,Meera_Shah,meera@kapuafrica.com,Meera,Shah,auto-draft-54,,,0,0,0,closed,closed,"2022-01-15 19:13:26"
2945,"John Mugo",,,"2021-12-20 12:01:43",agent,https://kapu.mystagingwebsite.com/agent/auto-draft-55/,,,,,,,,10%,John,Mugo,yes,478,536,254716622477,356,3503,field_61bb101fb4495,3503,field_61bb107091275,3503,field_61bb10bcaf28c,Daily,field_61bb69a4eb937,Male,field_61bb0f6bbb5a4,20100110,field_61bb11279181d,Individual,field_61bb11809181e,,field_61bb120623106,"-1.283210 36.821350",field_61bb19c62486b,0,field_61bb1abfe8b1b,0,field_61bb1ae2e8b1c,0,field_61bb1affe8b1d,0,field_61bb1b17e8b1e,Jim,field_61bb1b2ee8b1f,Jones,field_61bb1b4be8b20,270817679571,field_61bb1b5fe8b21,,,,,,,,,,,publish,259,Meera_Shah,meera@kapuafrica.com,Meera,Shah,auto-draft-55,,,0,0,0,closed,closed,"2022-01-15 19:11:28"
2946,"Grace Wavinya",,,"2021-12-20 12:02:21",agent,https://kapu.mystagingwebsite.com/agent/auto-draft-56/,,,,,,,,10%,Grace,Wavinya,yes,478,536,254728325100,355,3503,field_61bb101fb4495,3503,field_61bb107091275,3503,field_61bb10bcaf28c,Daily,field_61bb69a4eb937,Male,field_61bb0f6bbb5a4,20100110,field_61bb11279181d,Individual,field_61bb11809181e,,field_61bb120623106,"-1.283210 36.821350",field_61bb19c62486b,0,field_61bb1abfe8b1b,0,field_61bb1ae2e8b1c,0,field_61bb1affe8b1d,0,field_61bb1b17e8b1e,Jim,field_61bb1b2ee8b1f,Jones,field_61bb1b4be8b20,270817679571,field_61bb1b5fe8b21,,,,,,,,,,,publish,259,Meera_Shah,meera@kapuafrica.com,Meera,Shah,auto-draft-56,,,0,0,0,closed,closed,"2022-01-15 19:09:30"
2947,"Simon Mbuchunju",,,"2021-12-20 12:02:55",agent,https://kapu.mystagingwebsite.com/agent/auto-draft-57/,,,,,,,,10%,Simon,Mbuchunju,yes,478,536,254724381414,354,3503,field_61bb101fb4495,3503,field_61bb107091275,3503,field_61bb10bcaf28c,Daily,field_61bb69a4eb937,Male,field_61bb0f6bbb5a4,20100110,field_61bb11279181d,Individual,field_61bb11809181e,,field_61bb120623106,"-1.283210 36.821350",field_61bb19c62486b,0,field_61bb1abfe8b1b,0,field_61bb1ae2e8b1c,0,field_61bb1affe8b1d,0,field_61bb1b17e8b1e,Jim,field_61bb1b2ee8b1f,Jones,field_61bb1b4be8b20,270817679571,field_61bb1b5fe8b21,,,,,,,,,,,publish,259,Meera_Shah,meera@kapuafrica.com,Meera,Shah,auto-draft-57,,,0,0,0,closed,closed,"2022-01-15 19:07:44"
2948,"Philes Munyiva",,,"2021-12-20 12:03:36",agent,https://kapu.mystagingwebsite.com/agent/auto-draft-58/,,,,,,,,10%,Philes,Munyiva,yes,478,536,254729437766,350,3503,field_61bb101fb4495,3503,field_61bb107091275,3503,field_61bb10bcaf28c,Daily,field_61bb69a4eb937,Male,field_61bb0f6bbb5a4,20100110,field_61bb11279181d,Individual,field_61bb11809181e,,field_61bb120623106,"-1.283210 36.821350",field_61bb19c62486b,0,field_61bb1abfe8b1b,0,field_61bb1ae2e8b1c,0,field_61bb1affe8b1d,0,field_61bb1b17e8b1e,Jim,field_61bb1b2ee8b1f,Jones,field_61bb1b4be8b20,270817679571,field_61bb1b5fe8b21,,,,,,,,,,,publish,259,Meera_Shah,meera@kapuafrica.com,Meera,Shah,auto-draft-58,,,0,0,0,closed,closed,"2022-01-15 19:05:53"
2949,"Eunice Mbai",,,"2021-12-20 12:04:27",agent,https://kapu.mystagingwebsite.com/agent/auto-draft-59/,,,,,,,,10%,Eunice,Mbai,yes,478,536,254711851449,353,3503,field_61bb101fb4495,3503,field_61bb107091275,3503,field_61bb10bcaf28c,Daily,field_61bb69a4eb937,Male,field_61bb0f6bbb5a4,20100110,field_61bb11279181d,Individual,field_61bb11809181e,,field_61bb120623106,"-1.283210 36.821350",field_61bb19c62486b,0,field_61bb1abfe8b1b,0,field_61bb1ae2e8b1c,0,field_61bb1affe8b1d,0,field_61bb1b17e8b1e,Jim,field_61bb1b2ee8b1f,Jones,field_61bb1b4be8b20,270817679571,field_61bb1b5fe8b21,,,,,,,,,,,publish,259,Meera_Shah,meera@kapuafrica.com,Meera,Shah,auto-draft-59,,,0,0,0,closed,closed,"2022-01-26 08:27:55"
2950,"Linah Nyange",,,"2021-12-20 12:04:53",agent,https://kapu.mystagingwebsite.com/agent/auto-draft-60/,,,,,,,,10%,Linah,Nyange,yes,478,536,254726667473,352,3503,field_61bb101fb4495,3503,field_61bb107091275,3503,field_61bb10bcaf28c,Daily,field_61bb69a4eb937,Male,field_61bb0f6bbb5a4,20100110,field_61bb11279181d,Individual,field_61bb11809181e,,field_61bb120623106,"-1.283210 36.821350",field_61bb19c62486b,0,field_61bb1abfe8b1b,0,field_61bb1ae2e8b1c,0,field_61bb1affe8b1d,0,field_61bb1b17e8b1e,Jim,field_61bb1b2ee8b1f,Jones,field_61bb1b4be8b20,270817679571,field_61bb1b5fe8b21,,,,,,,,,,,publish,259,Meera_Shah,meera@kapuafrica.com,Meera,Shah,auto-draft-60,,,0,0,0,closed,closed,"2022-01-25 22:21:00"
2951,"Eunice Wamboi",,,"2021-12-20 12:05:28",agent,https://kapu.mystagingwebsite.com/agent/auto-draft-61/,,,,,,,,10%,Eunice,Wamboi,yes,478,536,254704213454,349,3503,field_61bb101fb4495,3503,field_61bb107091275,3503,field_61bb10bcaf28c,Daily,field_61bb69a4eb937,Male,field_61bb0f6bbb5a4,20100110,field_61bb11279181d,Individual,field_61bb11809181e,,field_61bb120623106,"-1.283210 36.821350",field_61bb19c62486b,0,field_61bb1abfe8b1b,0,field_61bb1ae2e8b1c,0,field_61bb1affe8b1d,0,field_61bb1b17e8b1e,Jim,field_61bb1b2ee8b1f,Jones,field_61bb1b4be8b20,270817679571,field_61bb1b5fe8b21,,,,,,,,,,,publish,259,Meera_Shah,meera@kapuafrica.com,Meera,Shah,auto-draft-61,,,0,0,0,closed,closed,"2022-01-25 22:20:34"
2952,"Patrick Oduor",,,"2021-12-20 12:06:02",agent,https://kapu.mystagingwebsite.com/agent/auto-draft-62/,,,,,,,,10%,Patrick,Oduor,yes,478,536,254745972886,347,3503,field_61bb101fb4495,3503,field_61bb107091275,3503,field_61bb10bcaf28c,Daily,field_61bb69a4eb937,Male,field_61bb0f6bbb5a4,20100110,field_61bb11279181d,Individual,field_61bb11809181e,,field_61bb120623106,"-1.283210 36.821350",field_61bb19c62486b,0,field_61bb1abfe8b1b,0,field_61bb1ae2e8b1c,0,field_61bb1affe8b1d,0,field_61bb1b17e8b1e,Jim,field_61bb1b2ee8b1f,Jones,field_61bb1b4be8b20,270817679571,field_61bb1b5fe8b21,,,,,,,,,,,publish,259,Meera_Shah,meera@kapuafrica.com,Meera,Shah,auto-draft-62,,,0,0,0,closed,closed,"2022-01-25 22:20:00"
2954,"Leonida Nekesa",,,"2021-12-20 12:07:46",agent,https://kapu.mystagingwebsite.com/agent/auto-draft-64/,,,,,,,,10%,Leonida,Nekesa,yes,478,536,254795100660,345,3503,field_61bb101fb4495,3503,field_61bb107091275,3503,field_61bb10bcaf28c,Daily,field_61bb69a4eb937,Male,field_61bb0f6bbb5a4,20100110,field_61bb11279181d,Individual,field_61bb11809181e,,field_61bb120623106,"-1.283210 36.821350",field_61bb19c62486b,0,field_61bb1abfe8b1b,0,field_61bb1ae2e8b1c,0,field_61bb1affe8b1d,0,field_61bb1b17e8b1e,Jim,field_61bb1b2ee8b1f,Jones,field_61bb1b4be8b20,270817679571,field_61bb1b5fe8b21,,,,,,,,,,,publish,259,Meera_Shah,meera@kapuafrica.com,Meera,Shah,auto-draft-64,,,0,0,0,closed,closed,"2022-01-25 22:19:24"
2955,"Maurine Makokha",,,"2021-12-20 12:08:18",agent,https://kapu.mystagingwebsite.com/agent/auto-draft-65/,,,,,,,,10%,Maurine,Makokha,yes,478,536,254727885924,344,3503,field_61bb101fb4495,3503,field_61bb107091275,3503,field_61bb10bcaf28c,Daily,field_61bb69a4eb937,Male,field_61bb0f6bbb5a4,20100110,field_61bb11279181d,Individual,field_61bb11809181e,,field_61bb120623106,"-1.283210 36.821350",field_61bb19c62486b,0,field_61bb1abfe8b1b,0,field_61bb1ae2e8b1c,0,field_61bb1affe8b1d,0,field_61bb1b17e8b1e,Jim,field_61bb1b2ee8b1f,Jones,field_61bb1b4be8b20,270817679571,field_61bb1b5fe8b21,,,,,,,,,,,publish,259,Meera_Shah,meera@kapuafrica.com,Meera,Shah,auto-draft-65,,,0,0,0,closed,closed,"2022-01-25 22:18:49"
2956,"Titus Kiboi",,,"2021-12-20 12:09:04",agent,https://kapu.mystagingwebsite.com/agent/auto-draft-66/,,,,,,,,10%,Titus,Kiboi,yes,478,536,254722663852,342,3503,field_61bb101fb4495,3503,field_61bb107091275,3503,field_61bb10bcaf28c,Daily,field_61bb69a4eb937,Male,field_61bb0f6bbb5a4,20100116,field_61bb11279181d,Individual,field_61bb11809181e,,field_61bb120623106,"-1.283210 36.821350",field_61bb19c62486b,0,field_61bb1abfe8b1b,0,field_61bb1ae2e8b1c,0,field_61bb1affe8b1d,0,field_61bb1b17e8b1e,Jim,field_61bb1b2ee8b1f,Jones,field_61bb1b4be8b20,270817679571,field_61bb1b5fe8b21,,,,,,,,,,,publish,259,Meera_Shah,meera@kapuafrica.com,Meera,Shah,auto-draft-66,,,0,0,0,closed,closed,"2022-01-25 22:18:03"
2957,"Jacintah Mutindi",,,"2021-12-20 12:09:41",agent,https://kapu.mystagingwebsite.com/agent/auto-draft-67/,,,,,,,,10%,Jacintah,Mutindi,yes,478,536,254799775296,341,3503,field_61bb101fb4495,3503,field_61bb107091275,3503,field_61bb10bcaf28c,Daily,field_61bb69a4eb937,Male,field_61bb0f6bbb5a4,20220101,field_61bb11279181d,Individual,field_61bb11809181e,,field_61bb120623106,"-1.283210 36.821350",field_61bb19c62486b,0,field_61bb1abfe8b1b,0,field_61bb1ae2e8b1c,0,field_61bb1affe8b1d,0,field_61bb1b17e8b1e,Jim,field_61bb1b2ee8b1f,Jones,field_61bb1b4be8b20,270817679571,field_61bb1b5fe8b21,,,,,,,,,,,publish,259,Meera_Shah,meera@kapuafrica.com,Meera,Shah,auto-draft-67,,,0,0,0,closed,closed,"2022-01-25 22:17:28"
3507,"Test Agent",,,"2022-01-15 15:47:19",agent,https://kapu.mystagingwebsite.com/agent/test-agent/,https://kapu.mystagingwebsite.com/wp-content/uploads/2022/01/man-300x300-1.png,man-300x300,,,,,,10%,Test,Agent,yes,478,536,16507996274,332,3503,field_61bb101fb4495,3503,field_61bb107091275,3503,field_61bb10bcaf28c,Daily,field_61bb69a4eb937,Male,field_61bb0f6bbb5a4,19500102,field_61bb11279181d,Kibanda,field_61bb11809181e,TestAgentKiosk,field_61bb120623106,"-1.283210 36.821350",field_61bb19c62486b,1,field_61bb1abfe8b1b,1,field_61bb1ae2e8b1c,1,field_61bb1affe8b1d,1,field_61bb1b17e8b1e,Daniel,field_61bb1b2ee8b1f,Sam,field_61bb1b4be8b20,270817679571,field_61bb1b5fe8b21,,,,,,,auto-draft-68,,,,publish,59,OlaAjayi,ola@kapuafrica.com,Ola,Ajayi,test-agent,,,0,0,0,closed,closed,"2022-01-17 16:26:49"
3510,"Bob Agent",,,"2022-01-15 17:43:05",agent,https://kapu.mystagingwebsite.com/agent/auto-draft-68/,,,,,,,,10%,Bob,Agent,yes,478,536,3800505686329,381,,,,,,,,,,,,,,,,,,,,,,,,,,,,,,,,,,,,,,,,,,,publish,3,Eugene,wp1@lineup.ua,Eugene,,auto-draft-68,,,0,0,0,closed,closed,"2022-01-16 13:28:45"
3517,"Oleg Molodetskiy",,,"2022-01-17 10:41:20",agent,https://kapu.mystagingwebsite.com/agent/oleg-molodetskiy/,,,,,,,,10%,Oleg,Molodetskiy,yes,478,536,+380636915625,324,3503,field_61bb101fb4495,3503,field_61bb107091275,3503,field_61bb10bcaf28c,Daily,field_61bb69a4eb937,Male,field_61bb0f6bbb5a4,19910326,field_61bb11279181d,Individual,field_61bb11809181e,,field_61bb120623106,"0.1768696 37.9083264",field_61bb19c62486b,0,field_61bb1abfe8b1b,0,field_61bb1ae2e8b1c,0,field_61bb1affe8b1d,0,field_61bb1b17e8b1e,Oleg,field_61bb1b2ee8b1f,Molodetskiy,field_61bb1b4be8b20,+380636915625,field_61bb1b5fe8b21,,,,,,,auto-draft-2,,,,publish,13,Oleg,Oleg@wiewoieoewpls.com,Oleg,Molodetskiy,oleg-molodetskiy,,,0,0,0,closed,closed,"2022-01-17 10:48:22"
3533,"Gesare Lagatha",,,"2022-01-18 09:02:17",agent,https://kapu.mystagingwebsite.com/agent/gesare-lagatha/,,,,,,,,10%,Gesare,Lagatha,yes,478,536,254700413504,458,3503,field_61bb101fb4495,3503,field_61bb107091275,3503,field_61bb10bcaf28c,Daily,field_61bb69a4eb937,Male,field_61bb0f6bbb5a4,19900112,field_61bb11279181d,Individual,field_61bb11809181e,,field_61bb120623106,"-1.2824021937465198, 36.75093054429145",field_61bb19c62486b,0,field_61bb1abfe8b1b,0,field_61bb1ae2e8b1c,0,field_61bb1affe8b1d,0,field_61bb1b17e8b1e,Michael,field_61bb1b2ee8b1f,Moore,field_61bb1b4be8b20,2540114177374,field_61bb1b5fe8b21,,,,,,,auto-draft-2,,,,publish,58,MateusKratz,mateus@kapuafrica.com,Mateus,Kratz,gesare-lagatha,,,0,0,0,closed,closed,"2022-01-26 05:17:07"
3551,"Adam Smith",,,"2022-01-18 09:49:38",agent,https://kapu.mystagingwebsite.com/agent/mateus-kratz/,,,,,,,,10%,Adam,Smith,yes,478,536,254114177374,408,3503,field_61bb101fb4495,3503,field_61bb107091275,3503,field_61bb10bcaf28c,Daily,field_61bb69a4eb937,Male,field_61bb0f6bbb5a4,20030109,field_61bb11279181d,Individual,field_61bb11809181e,,field_61bb120623106,"-1.2825318613380532, 36.749983289674134",field_61bb19c62486b,0,field_61bb1abfe8b1b,0,field_61bb1ae2e8b1c,0,field_61bb1affe8b1d,0,field_61bb1b17e8b1e,Linda,field_61bb1b2ee8b1f,Jazzar,field_61bb1b4be8b20,2540114177373,field_61bb1b5fe8b21,,,,,,,auto-draft-2,,,,publish,58,MateusKratz,mateus@kapuafrica.com,Mateus,Kratz,mateus-kratz,,,0,0,0,closed,closed,"2022-01-25 22:15:53"
3558,"Qqqq Wwww",,,"2022-01-18 10:10:12",agent,https://kapu.mystagingwebsite.com/agent/auto-draft-2/,,,,,,,,10%,Qqqq,Wwww,yes,478,536,380667949771,,,,,,,,,,,,,,,,,,,,,,,,,,,,,,,,,,,,,,,,,,,,publish,3,Eugene,wp1@lineup.ua,Eugene,,auto-draft-2,,,0,0,0,closed,closed,"2022-01-18 10:10:12"
3783,"Magdalene Maggy [Wangari]",,,"2022-01-19 15:04:59",agent,https://kapu.mystagingwebsite.com/agent/auto-draft-51/,,,,,,,,10%,Magdalene,"Maggy [Wangari]",yes,478,536,254711640525,415,3503,field_61bb101fb4495,3503,field_61bb107091275,3503,field_61bb10bcaf28c,Daily,field_61bb69a4eb937,Male,field_61bb0f6bbb5a4,20100110,field_61bb11279181d,Individual,field_61bb11809181e,,field_61bb120623106,"-1.283210 36.821350",field_61bb19c62486b,0,field_61bb1abfe8b1b,0,field_61bb1ae2e8b1c,0,field_61bb1affe8b1d,0,field_61bb1b17e8b1e,Ola,field_61bb1b2ee8b1f,Ajayi,field_61bb1b4be8b20,270817679571,field_61bb1b5fe8b21,,,,,,,,,,,publish,259,Meera_Shah,meera@kapuafrica.com,Meera,Shah,auto-draft-51,,,0,0,0,closed,closed,"2022-01-25 22:11:52"
3784,"Mama Njeri [Placeholder]",,,"2022-01-19 15:07:41",agent,https://kapu.mystagingwebsite.com/agent/auto-draft-69/,,,,,,,,10%,"Mama Njeri",[Placeholder],yes,478,536,254720671715,416,3503,field_61bb101fb4495,3503,field_61bb107091275,3503,field_61bb10bcaf28c,Daily,field_61bb69a4eb937,Female,field_61bb0f6bbb5a4,20100110,field_61bb11279181d,Individual,field_61bb11809181e,,field_61bb120623106,"-1.283210 36.821350",field_61bb19c62486b,0,field_61bb1abfe8b1b,0,field_61bb1ae2e8b1c,0,field_61bb1affe8b1d,0,field_61bb1b17e8b1e,Ola,field_61bb1b2ee8b1f,Ajayi,field_61bb1b4be8b20,270817679571,field_61bb1b5fe8b21,,,,,,,,,,,publish,259,Meera_Shah,meera@kapuafrica.com,Meera,Shah,auto-draft-69,,,0,0,0,closed,closed,"2022-01-25 22:11:17"
3786,"Francis Munyua",,,"2022-01-19 15:10:13",agent,https://kapu.mystagingwebsite.com/agent/auto-draft-70/,,,,,,,,10%,Francis,Munyua,yes,478,536,254710489816,363,3503,field_61bb101fb4495,3503,field_61bb107091275,3503,field_61bb10bcaf28c,Daily,field_61bb69a4eb937,Male,field_61bb0f6bbb5a4,20100110,field_61bb11279181d,Individual,field_61bb11809181e,,field_61bb120623106,"-1.283210 36.821350",field_61bb19c62486b,0,field_61bb1abfe8b1b,0,field_61bb1ae2e8b1c,0,field_61bb1affe8b1d,0,field_61bb1b17e8b1e,Jim,field_61bb1b2ee8b1f,Jones,field_61bb1b4be8b20,270817679571,field_61bb1b5fe8b21,,,,,,,,,,,publish,259,Meera_Shah,meera@kapuafrica.com,Meera,Shah,auto-draft-70,,,0,0,0,closed,closed,"2022-01-25 22:10:44"
3789,"Lineth Mongina Mangera",,,"2022-01-19 15:17:25",agent,https://kapu.mystagingwebsite.com/agent/lineth-mongina-mangera/,,,,,,,,10%,Lineth,"Mongina Mangera",yes,478,536,254721847400,418,3503,field_61bb101fb4495,3503,field_61bb107091275,3503,field_61bb10bcaf28c,Daily,field_61bb69a4eb937,Male,field_61bb0f6bbb5a4,20220118,field_61bb11279181d,Shop,field_61bb11809181e,,field_61bb120623106,"-1.282600523842608, 36.748662791935004",field_61bb19c62486b,0,field_61bb1abfe8b1b,0,field_61bb1ae2e8b1c,0,field_61bb1affe8b1d,0,field_61bb1b17e8b1e,Test,field_61bb1b2ee8b1f,Test,field_61bb1b4be8b20,254702772009,field_61bb1b5fe8b21,,,,,,,auto-draft-71,,,,publish,259,Meera_Shah,meera@kapuafrica.com,Meera,Shah,lineth-mongina-mangera,,,0,0,0,closed,closed,"2022-01-25 22:10:08"
3824,"Shaddi [Placeholder]",,,"2022-01-20 19:15:23",agent,https://kapu.mystagingwebsite.com/agent/auto-draft-15/,,,,,,,,10%,Shaddi,[Placeholder],yes,478,536,254706569476,437,3503,field_61bb101fb4495,3503,field_61bb107091275,3503,field_61bb10bcaf28c,Daily,field_61bb69a4eb937,Male,field_61bb0f6bbb5a4,20220120,field_61bb11279181d,Individual,field_61bb11809181e,,field_61bb120623106,"-1.282600523842608, 36.748662791935004",field_61bb19c62486b,0,field_61bb1abfe8b1b,0,field_61bb1ae2e8b1c,0,field_61bb1affe8b1d,0,field_61bb1b17e8b1e,Test,field_61bb1b2ee8b1f,Test,field_61bb1b4be8b20,254702772009,field_61bb1b5fe8b21,,,,,,,,,,,publish,259,Meera_Shah,meera@kapuafrica.com,Meera,Shah,auto-draft-15,,,0,0,0,closed,closed,"2022-01-25 22:09:34"
3825,"Bilhah Kariuki",,,"2022-01-20 19:16:28",agent,https://kapu.mystagingwebsite.com/agent/auto-draft-45/,,,,,,,,10%,Bilhah,Kariuki,yes,478,536,254759910249,438,3503,field_61bb101fb4495,3503,field_61bb107091275,3503,field_61bb10bcaf28c,Weekly,field_61bb69a4eb937,Female,field_61bb0f6bbb5a4,20220120,field_61bb11279181d,Kibanda,field_61bb11809181e,,field_61bb120623106,"-1.282600523842608, 36.748662791935004",field_61bb19c62486b,0,field_61bb1abfe8b1b,0,field_61bb1ae2e8b1c,0,field_61bb1affe8b1d,0,field_61bb1b17e8b1e,Test,field_61bb1b2ee8b1f,Test,field_61bb1b4be8b20,254702772009,field_61bb1b5fe8b21,,,,,,,,,,,publish,259,Meera_Shah,meera@kapuafrica.com,Meera,Shah,auto-draft-45,,,0,0,0,closed,closed,"2022-01-25 22:08:52"
3826,"Imelda [Placeholder]",,,"2022-01-20 19:17:26",agent,https://kapu.mystagingwebsite.com/agent/auto-draft-50/,,,,,,,,10%,Imelda,[Placeholder],yes,478,536,254798406360,439,3503,field_61bb101fb4495,3503,field_61bb107091275,3503,field_61bb10bcaf28c,Daily,field_61bb69a4eb937,Female,field_61bb0f6bbb5a4,20220120,field_61bb11279181d,Kibanda,field_61bb11809181e,,field_61bb120623106,"-1.282600523842608, 36.748662791935004",field_61bb19c62486b,0,field_61bb1abfe8b1b,0,field_61bb1ae2e8b1c,0,field_61bb1affe8b1d,0,field_61bb1b17e8b1e,Test,field_61bb1b2ee8b1f,Test,field_61bb1b4be8b20,254702772009,field_61bb1b5fe8b21,,,,,,,,,,,publish,259,Meera_Shah,meera@kapuafrica.com,Meera,Shah,auto-draft-50,,,0,0,0,closed,closed,"2022-01-25 22:08:16"
3827,"Maureen [Placeholder]",,,"2022-01-20 19:18:09",agent,https://kapu.mystagingwebsite.com/agent/auto-draft-71/,,,,,,,,10%,Maureen,[Placeholder],yes,478,536,254720034330,436,3503,field_61bb101fb4495,3503,field_61bb107091275,3503,field_61bb10bcaf28c,Daily,field_61bb69a4eb937,Male,field_61bb0f6bbb5a4,20100110,field_61bb11279181d,Individual,field_61bb11809181e,,field_61bb120623106,"-1.283210 36.821350",field_61bb19c62486b,0,field_61bb1abfe8b1b,0,field_61bb1ae2e8b1c,0,field_61bb1affe8b1d,0,field_61bb1b17e8b1e,Ola,field_61bb1b2ee8b1f,Ajayi,field_61bb1b4be8b20,270817679571,field_61bb1b5fe8b21,,,,,,,,,,,publish,259,Meera_Shah,meera@kapuafrica.com,Meera,Shah,auto-draft-71,,,0,0,0,closed,closed,"2022-01-25 22:07:40"
3828,"Evelyn [Placeholder]",,,"2022-01-20 19:19:06",agent,https://kapu.mystagingwebsite.com/agent/auto-draft-72/,,,,,,,,10%,Evelyn,[Placeholder],yes,478,536,254708797879,435,3503,field_61bb101fb4495,3503,field_61bb107091275,3503,field_61bb10bcaf28c,Daily,field_61bb69a4eb937,Male,field_61bb0f6bbb5a4,20100110,field_61bb11279181d,Individual,field_61bb11809181e,,field_61bb120623106,"-1.283210 36.821350",field_61bb19c62486b,0,field_61bb1abfe8b1b,0,field_61bb1ae2e8b1c,0,field_61bb1affe8b1d,0,field_61bb1b17e8b1e,Ola,field_61bb1b2ee8b1f,Ajayi,field_61bb1b4be8b20,270817679571,field_61bb1b5fe8b21,,,,,,,,,,,publish,259,Meera_Shah,meera@kapuafrica.com,Meera,Shah,auto-draft-72,,,0,0,0,closed,closed,"2022-01-25 22:07:02"
3850,"Joy [Janelle] Muchai",,,"2022-01-21 12:17:52",agent,https://kapu.mystagingwebsite.com/agent/joy-janelle-muchai/,,,,,,,,10%,"Joy [Janelle]",Muchai,yes,478,536,254795555700,449,3503,field_61bb101fb4495,3503,field_61bb107091275,3503,field_61bb10bcaf28c,Daily,field_61bb69a4eb937,Female,field_61bb0f6bbb5a4,20220120,field_61bb11279181d,Kibanda,field_61bb11809181e,,field_61bb120623106,"-1.282600523842608, 36.748662791935004",field_61bb19c62486b,0,field_61bb1abfe8b1b,0,field_61bb1ae2e8b1c,0,field_61bb1affe8b1d,0,field_61bb1b17e8b1e,"Sam [Test]",field_61bb1b2ee8b1f,"Sam [Test]",field_61bb1b4be8b20,254702772009,field_61bb1b5fe8b21,,,,,,,auto-draft-73,,,,publish,259,Meera_Shah,meera@kapuafrica.com,Meera,Shah,joy-janelle-muchai,,,0,0,0,closed,closed,"2022-01-25 22:05:41"
3851,"Meera Shah",,,"2022-01-21 12:23:47",agent,https://kapu.mystagingwebsite.com/agent/auto-draft-73/,,,,,,,,10%,Meera,Shah,yes,478,536,254702772009,450,3503,field_61bb101fb4495,3503,field_61bb107091275,3503,field_61bb10bcaf28c,Daily,field_61bb69a4eb937,Female,field_61bb0f6bbb5a4,20220120,field_61bb11279181d,Kibanda,field_61bb11809181e,,field_61bb120623106,"-1.282600523842608, 36.748662791935004",field_61bb19c62486b,0,field_61bb1abfe8b1b,0,field_61bb1ae2e8b1c,0,field_61bb1affe8b1d,0,field_61bb1b17e8b1e,Test,field_61bb1b2ee8b1f,Test,field_61bb1b4be8b20,270817679571,field_61bb1b5fe8b21,,,,,,,,,,,publish,259,Meera_Shah,meera@kapuafrica.com,Meera,Shah,auto-draft-73,,,0,0,0,closed,closed,"2022-01-25 22:05:00"
3873,"Lynnet Kamau",,,"2022-01-21 16:42:15",agent,https://kapu.mystagingwebsite.com/agent/lynnet-kamau-2/,,,,,,,,10%,Lynnet,Kamau,yes,478,536,254715566789,459,3503,field_61bb101fb4495,3503,field_61bb107091275,3503,field_61bb10bcaf28c,Daily,field_61bb69a4eb937,Male,field_61bb0f6bbb5a4,20100110,field_61bb11279181d,Individual,field_61bb11809181e,,field_61bb120623106,"-1.283210 36.821350",field_61bb19c62486b,0,field_61bb1abfe8b1b,0,field_61bb1ae2e8b1c,0,field_61bb1affe8b1d,0,field_61bb1b17e8b1e,Ola,field_61bb1b2ee8b1f,Ajayi,field_61bb1b4be8b20,270817679571,field_61bb1b5fe8b21,,,,,,,auto-draft-74,,,,publish,59,OlaAjayi,ola@kapuafrica.com,Ola,Ajayi,lynnet-kamau-2,,,0,0,0,closed,closed,"2022-01-26 05:28:30"
3904,"Francis Ngaira",,,"2022-01-25 11:19:17",agent,https://kapu.mystagingwebsite.com/agent/francis-ngaira/,,,,,,,,10%,Francis,Ngaira,yes,478,536,254777115737,346,3503,field_61bb101fb4495,3503,field_61bb107091275,3503,field_61bb10bcaf28c,Daily,field_61bb69a4eb937,Male,field_61bb0f6bbb5a4,20100110,field_61bb11279181d,Individual,field_61bb11809181e,,field_61bb120623106,"-1.283210 36.821350",field_61bb19c62486b,0,field_61bb1abfe8b1b,0,field_61bb1ae2e8b1c,0,field_61bb1affe8b1d,0,field_61bb1b17e8b1e,Ola,field_61bb1b2ee8b1f,Ajayi,field_61bb1b4be8b20,270817679571,field_61bb1b5fe8b21,,,,,,,auto-draft-39,,,,publish,59,OlaAjayi,ola@kapuafrica.com,Ola,Ajayi,francis-ngaira,,,0,0,0,closed,closed,"2022-01-25 22:03:43"
3912,"Sam Chappette",,,"2022-01-25 21:59:58",agent,https://kapu.mystagingwebsite.com/agent/sam-chappette/,,,,,,,,10%,Sam,Chappette,yes,478,536,254701645946,475,3503,field_61bb101fb4495,3503,field_61bb107091275,3503,field_61bb10bcaf28c,Daily,field_61bb69a4eb937,Male,field_61bb0f6bbb5a4,20100110,field_61bb11279181d,Individual,field_61bb11809181e,,field_61bb120623106,"-1.283210 36.821350",field_61bb19c62486b,0,field_61bb1abfe8b1b,0,field_61bb1ae2e8b1c,0,field_61bb1affe8b1d,0,field_61bb1b17e8b1e,Ola,field_61bb1b2ee8b1f,Ajayi,field_61bb1b4be8b20,270817679571,field_61bb1b5fe8b21,,,,,,,auto-draft-39,,,,publish,59,OlaAjayi,ola@kapuafrica.com,Ola,Ajayi,sam-chappette,,,0,0,0,closed,closed,"2022-01-26 05:49:20"
